ninja: Entering directory `build3'
[1/928] Building C object CMakeFiles/lv_layer2_resource.dir/core/src/layer2_resource/lv_numeric.c.obj
[2/928] Building C object CMakeFiles/lv_layer2_resource.dir/core/src/layer2_resource/lv_callback_list.c.obj
[3/928] Building C object CMakeFiles/lv_layer2_resource.dir/core/src/layer2_resource/lv_stream_context.c.obj
[4/928] Building C object CMakeFiles/lv_layer2_resource.dir/core/src/layer2_resource/lv_utils_str.c.obj
[5/928] Building C object CMakeFiles/lv_layer2_resource.dir/core/src/layer2_resource/lv_event_bus.c.obj
[6/928] Building C object CMakeFiles/lv_layer2_resource.dir/core/src/layer2_resource/allocator.c.obj
[7/928] Building C object CMakeFiles/lv_layer2_resource.dir/core/src/layer2_resource/lv_utils_array.c.obj
[8/928] Building C object CMakeFiles/lv_layer2_resource.dir/core/src/layer2_resource/lv_circuit_breaker.c.obj
[9/928] Building C object CMakeFiles/lv_layer2_resource.dir/core/src/layer2_resource/lv_utils.c.obj
[10/928] Building C object CMakeFiles/lv_layer2_resource.dir/core/src/layer2_resource/lv_utils_config.c.obj
[11/928] Building C object CMakeFiles/lv_layer2_resource.dir/core/src/layer2_resource/lv_json.c.obj
[12/928] Building C object CMakeFiles/lv_layer2_resource.dir/core/src/layer2_resource/context.c.obj
[13/928] Building C object CMakeFiles/lv_layer2_resource.dir/core/src/layer2_resource/lv_utils_misc.c.obj
[14/928] Building C object CMakeFiles/lv_layer2_resource.dir/core/src/layer2_resource/lv.c.obj
In file included from C:/Users/xingg/Desktop/知识体系化Wiki/Lv-00/core/src/layer2_resource/lv.c:31:
C:/Users/xingg/Desktop/知识体系化Wiki/Lv-00/core/include/lv/runtime_monitor.h:35:9: warning: 'lv_LOG_MSG_MAX_LEN' redefined
   35 | #define lv_LOG_MSG_MAX_LEN 4096
      |         ^~~~~~~~~~~~~~~~~~
In file included from C:/Users/xingg/Desktop/知识体系化Wiki/Lv-00/core/include/lv/lv.h:174,
                 from C:/Users/xingg/Desktop/知识体系化Wiki/Lv-00/core/src/layer2_resource/lv.c:14:
C:/Users/xingg/Desktop/知识体系化Wiki/Lv-00/core/include/lv/config.h:821:9: note: this is the location of the previous definition
  821 | #define lv_LOG_MSG_MAX_LEN lv_CONFIG_LOG_MSG_MAX_LEN
      |         ^~~~~~~~~~~~~~~~~~
C:/Users/xingg/Desktop/知识体系化Wiki/Lv-00/core/include/lv/runtime_monitor.h:38:9: warning: 'lv_LOG_TAG_MAX_LEN' redefined
   38 | #define lv_LOG_TAG_MAX_LEN 64
      |         ^~~~~~~~~~~~~~~~~~
C:/Users/xingg/Desktop/知识体系化Wiki/Lv-00/core/include/lv/config.h:824:9: note: this is the location of the previous definition
  824 | #define lv_LOG_TAG_MAX_LEN lv_CONFIG_LOG_TAG_MAX_LEN
      |         ^~~~~~~~~~~~~~~~~~
C:/Users/xingg/Desktop/知识体系化Wiki/Lv-00/core/include/lv/runtime_monitor.h:41:9: warning: 'lv_METRIC_NAME_MAX_LEN' redefined
   41 | #define lv_METRIC_NAME_MAX_LEN 128
      |         ^~~~~~~~~~~~~~~~~~~~~~
C:/Users/xingg/Desktop/知识体系化Wiki/Lv-00/core/include/lv/config.h:827:9: note: this is the location of the previous definition
  827 | #define lv_METRIC_NAME_MAX_LEN lv_CONFIG_METRIC_NAME_MAX_LEN
      |         ^~~~~~~~~~~~~~~~~~~~~~
C:/Users/xingg/Desktop/知识体系化Wiki/Lv-00/core/include/lv/runtime_monitor.h:204:9: warning: 'lv_LOG_FATAL' redefined
  204 | #define lv_LOG_FATAL(tag, fmt, ...) lv_log_write(LOG_LEVEL_FATAL, tag, __FILE__, __LINE__, __func__, fmt, ##__VA_ARGS__)
      |         ^~~~~~~~~~~~
In file included from C:/Users/xingg/Desktop/知识体系化Wiki/Lv-00/core/src/layer2_resource/lv.c:15:
C:/Users/xingg/Desktop/知识体系化Wiki/Lv-00/core/include/lv/lv_log.h:39:9: note: this is the location of the previous definition
   39 | #define lv_LOG_FATAL LOG_LEVEL_FATAL
      |         ^~~~~~~~~~~~
[15/928] Building C object CMakeFiles/lv_layer2_resource.dir/core/src/layer2_resource/error_codes.c.obj
[16/928] Building C object CMakeFiles/lv_layer2_resource.dir/core/src/layer2_resource/lv_error.c.obj
[17/928] Building C object CMakeFiles/lv_layer2_resource.dir/core/src/layer2_resource/lv_config.c.obj
[18/928] Building C object CMakeFiles/lv_layer2_resource.dir/core/src/layer2_resource/lv_mempool_utils.c.obj
[19/928] Building C object CMakeFiles/lv_layer2_resource.dir/core/src/layer2_resource/lv_mempool.c.obj
[20/928] Building C object CMakeFiles/lv_layer2_resource.dir/core/src/layer2_resource/debug.c.obj
[21/928] Building C object CMakeFiles/lv_layer2_resource.dir/core/src/layer2_resource/debug_refcount.c.obj
[22/928] Building C object CMakeFiles/lv_layer2_resource.dir/core/src/layer2_resource/debug_mempool.c.obj
[23/928] Building C object CMakeFiles/lv_layer2_resource.dir/core/src/layer2_resource/debug_invariants.c.obj
[24/928] Building C object CMakeFiles/lv_layer2_resource.dir/core/src/layer2_resource/debug_emergency.c.obj
[25/928] Building C object CMakeFiles/lv_layer2_resource.dir/core/src/layer2_resource/debug_state.c.obj
[26/928] Building C object CMakeFiles/lv_layer2_resource.dir/core/src/layer2_resource/lv_heap.c.obj
[27/928] Building C object CMakeFiles/lv_layer2_resource.dir/core/src/layer2_resource/debug_ringbuf.c.obj
[28/928] Building C object CMakeFiles/lv_layer2_resource.dir/core/src/layer2_resource/debug_trace_session.c.obj
[29/928] Building C object CMakeFiles/lv_layer2_resource.dir/core/src/layer2_resource/debug_normalize_assert.c.obj
[30/928] Building C object CMakeFiles/lv_layer2_resource.dir/core/src/layer2_resource/debug_log_ctx.c.obj
[31/928] Building C object CMakeFiles/lv_layer2_resource.dir/core/src/layer2_resource/node_deep_copy.c.obj
[32/928] Building C object CMakeFiles/lv_layer2_resource.dir/core/src/layer2_resource/result_messages_cn.c.obj
[33/928] Building C object CMakeFiles/lv_layer2_resource.dir/core/src/layer2_resource/math_theory_guide_cn.c.obj
[34/928] Building C object CMakeFiles/lv_layer2_resource.dir/core/src/layer2_resource/memory_pool.c.obj
[35/928] Building C object CMakeFiles/lv_layer2_resource.dir/core/src/layer2_resource/geometry_config.c.obj
[36/928] Building C object CMakeFiles/lv_layer2_resource.dir/core/src/layer2_resource/lv_path.c.obj
[37/928] Building C object CMakeFiles/lv_layer2_resource.dir/core/src/layer2_resource/test_framework.c.obj
C:/Users/xingg/Desktop/知识体系化Wiki/Lv-00/core/src/layer2_resource/test_framework.c: In function 'lv_test_report_to_xml':
C:/Users/xingg/Desktop/知识体系化Wiki/Lv-00/core/src/layer2_resource/test_framework.c:911:63: warning: the comparison will always evaluate as 'true' for the address of 'name' will never be NULL [-Waddress]
  911 |         lv_str_escape_xml(&esc_name, suite->name, suite->name ? strlen(suite->name) : 0);
      |                                                               ^
In file included from C:/Users/xingg/Desktop/知识体系化Wiki/Lv-00/core/src/layer2_resource/test_framework.c:15:
C:/Users/xingg/Desktop/知识体系化Wiki/Lv-00/core/include/lv/test_framework.h:89:10: note: 'name' declared here
   89 |     char name[lv_TEST_NAME_MAX_LEN];
      |          ^~~~
C:/Users/xingg/Desktop/知识体系化Wiki/Lv-00/core/src/layer2_resource/test_framework.c:920:66: warning: the comparison will always evaluate as 'true' for the address of 'name' will never be NULL [-Waddress]
  920 |             lv_str_escape_xml(&esc_tname, test->name, test->name ? strlen(test->name) : 0);
      |                                                                  ^
C:/Users/xingg/Desktop/知识体系化Wiki/Lv-00/core/include/lv/test_framework.h:71:10: note: 'name' declared here
   71 |     char name[lv_TEST_NAME_MAX_LEN];
      |          ^~~~
C:/Users/xingg/Desktop/知识体系化Wiki/Lv-00/core/src/layer2_resource/test_framework.c:928:74: warning: the comparison will always evaluate as 'true' for the address of 'message' will never be NULL [-Waddress]
  928 |                 lv_str_escape_xml(&esc_msg, test->message, test->message ? strlen(test->message) : 0);
      |                                                                          ^
C:/Users/xingg/Desktop/知识体系化Wiki/Lv-00/core/include/lv/test_framework.h:79:10: note: 'message' declared here
   79 |     char message[lv_TEST_MSG_MAX_LEN];
      |          ^~~~~~~
C:/Users/xingg/Desktop/知识体系化Wiki/Lv-00/core/src/layer2_resource/test_framework.c: In function 'lv_test_report_to_html':
C:/Users/xingg/Desktop/知识体系化Wiki/Lv-00/core/src/layer2_resource/test_framework.c:982:43: warning: the comparison will always evaluate as 'true' for the address of 'name' will never be NULL [-Waddress]
  982 |             size_t esc_slen = suite->name ? strlen(suite->name) : 0;
      |                                           ^
C:/Users/xingg/Desktop/知识体系化Wiki/Lv-00/core/include/lv/test_framework.h:89:10: note: 'name' declared here
   89 |     char name[lv_TEST_NAME_MAX_LEN];
      |          ^~~~
C:/Users/xingg/Desktop/知识体系化Wiki/Lv-00/core/src/layer2_resource/test_framework.c:985:42: warning: the comparison will always evaluate as 'true' for the address of 'name' will never be NULL [-Waddress]
  985 |             size_t esc_tlen = test->name ? strlen(test->name) : 0;
      |                                          ^
C:/Users/xingg/Desktop/知识体系化Wiki/Lv-00/core/include/lv/test_framework.h:71:10: note: 'name' declared here
   71 |     char name[lv_TEST_NAME_MAX_LEN];
      |          ^~~~
C:/Users/xingg/Desktop/知识体系化Wiki/Lv-00/core/src/layer2_resource/test_framework.c:995:67: warning: the comparison will always evaluate as 'true' for the address of 'name' will never be NULL [-Waddress]
  995 |                              esc_suite ? esc_suite : (suite->name ? suite->name : ""),
      |                                                                   ^
C:/Users/xingg/Desktop/知识体系化Wiki/Lv-00/core/include/lv/test_framework.h:89:10: note: 'name' declared here
   89 |     char name[lv_TEST_NAME_MAX_LEN];
      |          ^~~~
C:/Users/xingg/Desktop/知识体系化Wiki/Lv-00/core/src/layer2_resource/test_framework.c:996:64: warning: the comparison will always evaluate as 'true' for the address of 'name' will never be NULL [-Waddress]
  996 |                              esc_test ? esc_test : (test->name ? test->name : ""), status_class, status_text,
      |                                                                ^
C:/Users/xingg/Desktop/知识体系化Wiki/Lv-00/core/include/lv/test_framework.h:71:10: note: 'name' declared here
   71 |     char name[lv_TEST_NAME_MAX_LEN];
      |          ^~~~
[38/928] Building C object CMakeFiles/lv_layer2_resource.dir/core/src/layer2_resource/global_state.c.obj
[39/928] Building C object CMakeFiles/lv_layer2_resource.dir/core/src/layer2_resource/debug_trace.c.obj
[40/928] Building C object CMakeFiles/lv_layer2_resource.dir/core/src/layer2_resource/preset_helper_cn.c.obj
[41/928] Building C object CMakeFiles/lv_layer2_resource.dir/core/src/layer2_resource/error_messages_cn.c.obj
[42/928] Building C object CMakeFiles/lv_layer2_resource.dir/core/src/layer2_resource/runtime_monitor.c.obj
[43/928] Building C object CMakeFiles/lv_layer2_resource.dir/core/src/layer2_resource/proof_priority.c.obj
[44/928] Building C object CMakeFiles/lv_layer2_resource.dir/core/src/layer2_resource/fast_index.c.obj
[45/928] Building C object CMakeFiles/lv_layer2_resource.dir/core/src/layer2_resource/lv_hash.c.obj
[46/928] Building C object CMakeFiles/lv_layer2_resource.dir/core/src/layer2_resource/sha256.c.obj
[47/928] Building C object CMakeFiles/lv_layer2_resource.dir/core/src/layer2_resource/runtime_guard.c.obj
[48/928] Building C object CMakeFiles/lv_layer2_resource.dir/core/src/layer2_resource/proof_score.c.obj
[49/928] Building C object CMakeFiles/lv_layer2_resource.dir/core/src/layer2_resource/status_codes.c.obj
[50/928] Building C object CMakeFiles/lv_layer2_resource.dir/core/src/layer2_resource/lv_hashtable.c.obj
[51/928] Building C object CMakeFiles/lv_layer2_resource.dir/core/src/layer2_resource/lv_strbuf.c.obj
[52/928] Building C object CMakeFiles/lv_layer2_resource.dir/core/src/layer2_resource/lv_ringbuf.c.obj
[53/928] Building C object CMakeFiles/lv_layer2_resource.dir/core/src/layer2_resource/lv_export_common.c.obj
[54/928] Building C object CMakeFiles/lv_layer2_resource.dir/core/src/layer2_resource/lv_dot_writer.c.obj
[55/928] Building C object CMakeFiles/lv_layer2_resource.dir/core/src/layer2_resource/performance_profiler.c.obj
[56/928] Building C object CMakeFiles/lv_layer2_resource.dir/core/src/layer2_resource/lv_str_utils.c.obj
[57/928] Building C object CMakeFiles/lv_layer2_resource.dir/core/src/layer2_resource/representation_converter.c.obj
[58/928] Building C object CMakeFiles/lv_layer2_resource.dir/core/src/layer2_resource/lv_bytes.c.obj
[59/928] Building C object CMakeFiles/lv_layer2_resource.dir/core/src/layer2_resource/lv_log.c.obj
[60/928] Building C object CMakeFiles/lv_layer2_resource.dir/core/src/layer2_resource/adaptive_threshold.c.obj
[61/928] Building C object CMakeFiles/lv_layer2_resource.dir/core/src/layer2_resource/lv_lifecycle.c.obj
[62/928] Building C object CMakeFiles/lv_layer2_resource.dir/core/src/layer2_resource/thread_pool.c.obj
[63/928] Building C object CMakeFiles/lv_layer2_resource.dir/core/src/layer2_resource/meta_repr.c.obj
[64/928] Building C object CMakeFiles/lv_layer2_resource.dir/core/src/layer2_resource/lv_file.c.obj
[65/928] Building C object CMakeFiles/lv_layer2_resource.dir/core/src/layer2_resource/lv_process.c.obj
[66/928] Building C object CMakeFiles/lv_layer2_resource.dir/core/src/layer2_resource/simd_ops.c.obj
[67/928] Building C object CMakeFiles/lv_layer2_resource.dir/core/src/layer2_resource/lv_backend_plugin.c.obj
[68/928] Building C object CMakeFiles/lv_layer2_resource.dir/core/src/layer2_resource/lv_serialize_adapters.c.obj
[69/928] Building C object CMakeFiles/lv_layer2_resource.dir/core/src/layer2_resource/lv_registry.c.obj
[70/928] Building C object CMakeFiles/lv_layer2_resource.dir/core/src/layer2_resource/lv_arena.c.obj
[71/928] Building C object CMakeFiles/lv_layer2_resource.dir/core/src/layer2_resource/lv_storage.c.obj
[72/928] Building C object CMakeFiles/lv_core.dir/core/src/lv_impl_upper.c.obj
[73/928] Building C object CMakeFiles/lv_core.dir/core/src/lv_impl_upper_algebra.c.obj
[74/928] Building C object CMakeFiles/lv_core.dir/core/src/lv_impl_upper_visual.c.obj
[75/928] Building C object CMakeFiles/lv_core.dir/core/src/lv_impl_upper_geom.c.obj
[76/928] Building C object CMakeFiles/lv_core.dir/core/src/core/lv_convenience.c.obj
[77/928] Building C object CMakeFiles/lv_core.dir/core/src/lv_impl_upper_orchestrator.c.obj
[78/928] Building C object CMakeFiles/lv_core.dir/core/src/lv_impl_upper_app.c.obj
[79/928] Building C object CMakeFiles/lv_core.dir/core/src/lv_impl_upper_meta.c.obj
[80/928] Building C object CMakeFiles/lv_core.dir/core/src/lv_impl_upper_interop.c.obj
[81/928] Building C object CMakeFiles/lv_core.dir/core/src/lv_impl_upper_preset.c.obj
[82/928] Building C object CMakeFiles/lv_core.dir/core/src/lv_impl_upper_utils.c.obj
[83/928] Building C object CMakeFiles/lv_core.dir/core/src/lv_impl_native.c.obj
[84/928] Building C object CMakeFiles/lv_layer1_parser.dir/core/src/layer1_parser/formula_parser.c.obj
[85/928] Building C object CMakeFiles/lv_layer1_parser.dir/core/src/layer1_parser/formula_converter.c.obj
[86/928] Building C object CMakeFiles/lv_layer1_parser.dir/core/src/layer1_parser/formula_converter_geom.c.obj
[87/928] Building C object CMakeFiles/lv_layer1_parser.dir/core/src/layer1_parser/formula_converter_complex.c.obj
[88/928] Building C object CMakeFiles/lv_layer1_parser.dir/core/src/layer1_parser/formula_converter_util.c.obj
[89/928] Building C object CMakeFiles/lv_layer1_parser.dir/core/src/layer1_parser/formula_converter_constraint.c.obj
[90/928] Building C object CMakeFiles/lv_layer1_parser.dir/core/src/layer1_parser/formula_eval.c.obj
[91/928] Building C object CMakeFiles/lv_layer1_parser.dir/core/src/layer1_parser/formula_converter_stmt.c.obj
[92/928] Building C object CMakeFiles/lv_layer1_parser.dir/core/src/layer1_parser/formula_converter_export.c.obj
[93/928] Building C object CMakeFiles/lv_layer1_parser.dir/core/src/layer1_parser/formula_string.c.obj
[94/928] Building C object CMakeFiles/lv_core.dir/core/src/impl_preset_transformations.c.obj
[95/928] Building C object CMakeFiles/lv_layer1_parser.dir/core/src/layer1_parser/parser_safety.c.obj
[96/928] Building C object CMakeFiles/lv_layer1_parser.dir/core/src/layer1_parser/formula_renderer_internal.c.obj
[97/928] Building C object CMakeFiles/lv_layer1_parser.dir/core/src/layer1_parser/formula_renderer.c.obj
[98/928] Building C object CMakeFiles/lv_layer1_parser.dir/core/src/layer1_parser/formula_curve.c.obj
[99/928] Building C object CMakeFiles/lv_layer1_parser.dir/core/src/layer1_parser/formula_renderer_latex.c.obj
[100/928] Building C object CMakeFiles/lv_layer1_parser.dir/core/src/layer1_parser/formula_renderer_python.c.obj
[101/928] Building C object CMakeFiles/lv_layer1_parser.dir/core/src/layer1_parser/formula_renderer_mathml.c.obj
[102/928] Building C object CMakeFiles/lv_layer1_parser.dir/core/src/layer1_parser/formula_renderer_dsl.c.obj
[103/928] Building C object CMakeFiles/lv_layer1_parser.dir/core/src/layer1_parser/dsl_compiler.c.obj
[104/928] Building C object CMakeFiles/lv_layer1_parser.dir/core/src/layer1_parser/formula_renderer_html.c.obj
[105/928] Building C object CMakeFiles/lv_layer1_parser.dir/core/src/layer1_parser/lexer_shared.c.obj
[106/928] Building C object CMakeFiles/lv_layer1_parser.dir/core/src/layer1_parser/formula_renderer_ascii.c.obj
[107/928] Building C object CMakeFiles/lv_layer1_parser.dir/core/src/layer1_parser/dsl_compiler_parse.c.obj
[108/928] Building C object CMakeFiles/lv_layer1_parser.dir/core/src/layer1_parser/dsl_compiler_ir.c.obj
[109/928] Building C object CMakeFiles/lv_layer1_parser.dir/core/src/layer1_parser/math_input.c.obj
[110/928] Building C object CMakeFiles/lv_layer1_parser.dir/core/src/layer1_parser/dsl_lexer.c.obj
[111/928] Building C object CMakeFiles/lv_layer1_parser.dir/core/src/layer1_parser/dsl_compiler_load.c.obj
[112/928] Building C object CMakeFiles/lv_layer1_parser.dir/core/src/layer1_parser/parser/formula_ast.c.obj
[113/928] Building C object CMakeFiles/lv_layer1_parser.dir/core/src/layer1_parser/parser/formula_dsl.c.obj
[114/928] Building C object CMakeFiles/lv_layer1_parser.dir/core/src/layer1_parser/parser/formula_latex.c.obj
[115/928] Building C object CMakeFiles/lv_layer1_parser.dir/core/src/layer1_parser/parser/formula_python.c.obj
[116/928] Building C object CMakeFiles/lv_layer1_parser.dir/core/src/layer1_parser/lv_lexer.c.obj
[117/928] Building C object CMakeFiles/lv_layer1_parser.dir/core/src/layer1_parser/lv_sema.c.obj
[118/928] Building C object CMakeFiles/lv_layer1_parser.dir/core/src/layer1_parser/lv_ast.c.obj
[119/928] Building C object CMakeFiles/lv_layer1_parser.dir/core/src/layer1_parser/lv_parser.c.obj
[120/928] Building C object CMakeFiles/lv_layer3_geometry.dir/core/src/layer3_geometry/constraint_graph.c.obj
[121/928] Building C object CMakeFiles/lv_layer1_parser.dir/core/src/layer1_parser/lv_loader.c.obj
[122/928] Building C object CMakeFiles/lv_layer3_geometry.dir/core/src/layer3_geometry/symbolic_coord.c.obj
[123/928] Building C object CMakeFiles/lv_layer3_geometry.dir/core/src/layer3_geometry/high_dim.c.obj
[124/928] Building C object CMakeFiles/lv_layer3_geometry.dir/core/src/layer3_geometry/euclidean_geometry.c.obj
[125/928] Building C object CMakeFiles/lv_layer3_geometry.dir/core/src/layer3_geometry/interactive_geo.c.obj
[126/928] Building C object CMakeFiles/lv_layer3_geometry.dir/core/src/layer3_geometry/high_dim_core.c.obj
[127/928] Building C object CMakeFiles/lv_layer3_geometry.dir/core/src/layer3_geometry/high_dim_preset.c.obj
[128/928] Building C object CMakeFiles/lv_layer3_geometry.dir/core/src/layer3_geometry/high_dim_project.c.obj
[129/928] Building C object CMakeFiles/lv_layer3_geometry.dir/core/src/layer3_geometry/high_dim_zoom.c.obj
[130/928] Building C object CMakeFiles/lv_layer3_geometry.dir/core/src/layer3_geometry/high_dim_fidelity.c.obj
[131/928] Building C object CMakeFiles/lv_layer3_geometry.dir/core/src/layer3_geometry/high_dim_serialize.c.obj
[132/928] Building C object CMakeFiles/lv_layer3_geometry.dir/core/src/layer3_geometry/high_dim_view.c.obj
[133/928] Building C object CMakeFiles/lv_layer3_geometry.dir/core/src/layer3_geometry/geometry_compress.c.obj
[134/928] Building C object CMakeFiles/lv_layer3_geometry.dir/core/src/layer3_geometry/high_dim_utils.c.obj
[135/928] Building C object CMakeFiles/lv_layer3_geometry.dir/core/src/layer3_geometry/geometry_compress_triangle.c.obj
[136/928] Building C object CMakeFiles/lv_layer3_geometry.dir/core/src/layer3_geometry/geometry_compress_predict.c.obj
[137/928] Building C object CMakeFiles/lv_layer3_geometry.dir/core/src/layer3_geometry/geometry_compress_coords.c.obj
[138/928] Building C object CMakeFiles/lv_layer3_geometry.dir/core/src/layer3_geometry/geometry_compress_huffman.c.obj
[139/928] Building C object CMakeFiles/lv_layer3_geometry.dir/core/src/layer3_geometry/geometry_compress_bitio.c.obj
[140/928] Building C object CMakeFiles/lv_layer3_geometry.dir/core/src/layer3_geometry/geometry_compress_edgebreaker.c.obj
[141/928] Building C object CMakeFiles/lv_layer3_geometry.dir/core/src/layer3_geometry/geometry_compress_rle.c.obj
[142/928] Building C object CMakeFiles/lv_layer3_geometry.dir/core/src/layer3_geometry/geometry_compress_main.c.obj
[143/928] Building C object CMakeFiles/lv_layer3_geometry.dir/core/src/layer3_geometry/geometry_compress_entropy.c.obj
[144/928] Building C object CMakeFiles/lv_layer3_geometry.dir/core/src/layer3_geometry/geometry_compress_decompress.c.obj
[145/928] Building C object CMakeFiles/lv_layer3_geometry.dir/core/src/layer3_geometry/geometry_compress_io.c.obj
[146/928] Building C object CMakeFiles/lv_layer3_geometry.dir/core/src/layer3_geometry/geometry_csg_node.c.obj
[147/928] Building C object CMakeFiles/lv_layer3_geometry.dir/core/src/layer3_geometry/geo_spec.c.obj
[148/928] Building C object CMakeFiles/lv_layer3_geometry.dir/core/src/layer3_geometry/geo_event_detect.c.obj
[149/928] Building C object CMakeFiles/lv_layer3_geometry.dir/core/src/layer3_geometry/geometry_csg.c.obj
[150/928] Building C object CMakeFiles/lv_layer3_geometry.dir/core/src/layer3_geometry/geometry_csg_bbox.c.obj
[151/928] Building C object CMakeFiles/lv_layer3_geometry.dir/core/src/layer3_geometry/geometry_csg_primitive.c.obj
[152/928] Building C object CMakeFiles/lv_layer3_geometry.dir/core/src/layer3_geometry/geometry_csg_mesh.c.obj
[153/928] Building C object CMakeFiles/lv_layer3_geometry.dir/core/src/layer3_geometry/geometry_csg_bsp.c.obj
[154/928] Building C object CMakeFiles/lv_layer3_geometry.dir/core/src/layer3_geometry/geometry_csg_hull.c.obj
[155/928] Building C object CMakeFiles/lv_layer3_geometry.dir/core/src/layer3_geometry/geometry_csg_eval.c.obj
[156/928] Building C object CMakeFiles/lv_layer3_geometry.dir/core/src/layer3_geometry/geometry_csg_export.c.obj
[157/928] Building C object CMakeFiles/lv_layer3_geometry.dir/core/src/layer3_geometry/geom_evol.c.obj
[158/928] Building C object CMakeFiles/lv_layer3_geometry.dir/core/src/layer3_geometry/float_error.c.obj
[159/928] Building C object CMakeFiles/lv_layer3_geometry.dir/core/src/layer3_geometry/mpz_poly_resultant.c.obj
[160/928] Building C object CMakeFiles/lv_layer3_geometry.dir/core/src/layer3_geometry/ga_interface.c.obj
[161/928] Building C object CMakeFiles/lv_layer3_geometry.dir/core/src/layer3_geometry/ga_multivector.c.obj
[162/928] Building C object CMakeFiles/lv_layer3_geometry.dir/core/src/layer3_geometry/geo_invariant_type.c.obj
[163/928] Building C object CMakeFiles/lv_layer3_geometry.dir/core/src/layer3_geometry/ga_codegen.c.obj
[164/928] Building C object CMakeFiles/lv_layer3_geometry.dir/core/src/layer3_geometry/geometry_transform.c.obj
[165/928] Building C object CMakeFiles/lv_layer3_geometry.dir/core/src/layer3_geometry/interval_arith.c.obj
[166/928] Building C object CMakeFiles/lv_layer3_geometry.dir/core/src/layer3_geometry/herbie_eval.c.obj
[167/928] Building C object CMakeFiles/lv_layer3_geometry.dir/core/src/layer3_geometry/gappa_dsl.c.obj
[168/928] Building C object CMakeFiles/lv_layer3_geometry.dir/core/src/layer3_geometry/fptaylor_eval.c.obj
[169/928] Building C object CMakeFiles/lv_layer3_geometry.dir/core/src/layer3_geometry/gappa_propagate.c.obj
[170/928] Building C object CMakeFiles/lv_layer3_geometry.dir/core/src/layer3_geometry/geo_topology.c.obj
[171/928] Building C object CMakeFiles/lv_layer3_geometry.dir/core/src/layer3_geometry/algebraic_number.c.obj
[172/928] Building C object CMakeFiles/lv_layer3_geometry.dir/core/src/layer3_geometry/equiv_class.c.obj
[173/928] Building C object CMakeFiles/lv_layer3_geometry.dir/core/src/layer3_geometry/algebraic_number_util.c.obj
[174/928] Building C object CMakeFiles/lv_layer3_geometry.dir/core/src/layer3_geometry/propagation.c.obj
[175/928] Building C object CMakeFiles/lv_layer3_geometry.dir/core/src/layer3_geometry/algebraic_number_rational.c.obj
[176/928] Building C object CMakeFiles/lv_layer3_geometry.dir/core/src/layer3_geometry/algebraic_number_quadratic.c.obj
[177/928] Building C object CMakeFiles/lv_layer3_geometry.dir/core/src/layer3_geometry/algebraic_number_poly.c.obj
[178/928] Building C object CMakeFiles/lv_layer3_geometry.dir/core/src/layer3_geometry/algebraic_number_interval.c.obj
[179/928] Building C object CMakeFiles/lv_layer3_geometry.dir/core/src/layer3_geometry/geo_constraint_solver.c.obj
[180/928] Building C object CMakeFiles/lv_layer3_geometry.dir/core/src/layer3_geometry/algebraic_number_io.c.obj
[181/928] Building C object CMakeFiles/lv_layer3_geometry.dir/core/src/layer3_geometry/geo_constraint_solver_hash.c.obj
[182/928] Building C object CMakeFiles/lv_layer3_geometry.dir/core/src/layer3_geometry/geo_constraint_solver_dof.c.obj
[183/928] Building C object CMakeFiles/lv_layer3_geometry.dir/core/src/layer3_geometry/aabb_box.c.obj
[184/928] Building C object CMakeFiles/lv_layer3_geometry.dir/core/src/layer3_geometry/geo_halfedge_mesh.c.obj
[185/928] Building C object CMakeFiles/lv_layer3_geometry.dir/core/src/layer3_geometry/geo_constraint_solver_system.c.obj
[186/928] Building C object CMakeFiles/lv_layer3_geometry.dir/core/src/layer3_geometry/geo_constraint_solver_linear.c.obj
[187/928] Building C object CMakeFiles/lv_layer3_geometry.dir/core/src/layer3_geometry/geo_utils.c.obj
[188/928] Building C object CMakeFiles/lv_layer3_geometry.dir/core/src/layer3_geometry/geo_constraint_solver_fast.c.obj
[189/928] Building C object CMakeFiles/lv_layer3_geometry.dir/core/src/layer3_geometry/geo_constraint_solver_newton.c.obj
[190/928] Building C object CMakeFiles/lv_layer3_geometry.dir/core/src/layer3_geometry/geo_constraint_solver_residual.c.obj
[191/928] Building C object CMakeFiles/lv_layer3_geometry.dir/core/src/layer3_geometry/geo_aabb_tree.c.obj
[192/928] Building C object CMakeFiles/lv_layer3_geometry.dir/core/src/layer3_geometry/aabb_common.c.obj
[193/928] Building C object CMakeFiles/lv_layer3_geometry.dir/core/src/layer3_geometry/geo_dynamic.c.obj
[194/928] Building C object CMakeFiles/lv_layer3_geometry.dir/core/src/layer3_geometry/aabb_tree_2d.c.obj
[195/928] Building C object CMakeFiles/lv_layer3_geometry.dir/core/src/layer3_geometry/aabb_tree_3d.c.obj
[196/928] Building C object CMakeFiles/lv_layer3_geometry.dir/core/src/layer3_geometry/geometric_primitives.c.obj
[197/928] Building C object CMakeFiles/lv_layer3_geometry.dir/core/src/layer3_geometry/parametric_curves.c.obj
[198/928] Building C object CMakeFiles/lv_layer3_geometry.dir/core/src/layer3_geometry/path_type.c.obj
[199/928] Building C object CMakeFiles/lv_layer3_geometry.dir/core/src/layer3_geometry/geo_predicate.c.obj
[200/928] Building C object CMakeFiles/lv_layer3_geometry.dir/core/src/layer3_geometry/lv_reasoning_stack.c.obj
[201/928] Building C object CMakeFiles/lv_layer3_geometry.dir/core/src/layer3_geometry/constraint_graph/graph_node.c.obj
[202/928] Building C object CMakeFiles/lv_layer3_geometry.dir/core/src/layer3_geometry/constraint_graph/graph_conflict.c.obj
[203/928] Building C object CMakeFiles/lv_layer3_geometry.dir/core/src/layer3_geometry/constraint_graph/graph_memory.c.obj
[204/928] Building C object CMakeFiles/lv_layer3_geometry.dir/core/src/layer3_geometry/constraint_graph/graph_index.c.obj
[205/928] Building C object CMakeFiles/lv_layer3_geometry.dir/core/src/layer3_geometry/constraint_graph/graph_node_hash.c.obj
[206/928] Building C object CMakeFiles/lv_layer3_geometry.dir/core/src/layer3_geometry/constraint_graph/graph_node_conflict.c.obj
[207/928] Building C object CMakeFiles/lv_layer3_geometry.dir/core/src/layer3_geometry/constraint_graph/graph_node_alloc.c.obj
[208/928] Building C object CMakeFiles/lv_layer3_geometry.dir/core/src/layer3_geometry/constraint_graph/graph_rank.c.obj
[209/928] Building C object CMakeFiles/lv_layer3_geometry.dir/core/src/layer3_geometry/constraint_graph/graph_node_stub.c.obj
[210/928] Building C object CMakeFiles/lv_layer3_geometry.dir/core/src/layer3_geometry/constraint_graph/graph_serialize.c.obj
[211/928] Building C object CMakeFiles/lv_layer3_geometry.dir/core/src/layer3_geometry/constraint_graph/lv_graph_traversal.c.obj
[212/928] Building C object CMakeFiles/lv_layer3_geometry.dir/core/src/layer3_geometry/symbolics/quadratic.c.obj
[213/928] Building C object CMakeFiles/lv_layer3_geometry.dir/core/src/layer3_geometry/symbolics/algebraic.c.obj
[214/928] Building C object CMakeFiles/lv_layer3_geometry.dir/core/src/layer3_geometry/symbolics/symbolic_coord_compare.c.obj
[215/928] Building C object CMakeFiles/lv_layer3_geometry.dir/core/src/layer3_geometry/symbolics/rational.c.obj
[216/928] Building C object CMakeFiles/lv_layer3_geometry.dir/core/src/layer3_geometry/symbolics/symbolic_coord_lifecycle.c.obj
[217/928] Building C object CMakeFiles/lv_layer3_geometry.dir/core/src/layer3_geometry/symbolics/symbolic_coord_ops.c.obj
[218/928] Building C object CMakeFiles/lv_layer3_geometry.dir/core/src/layer3_geometry/symbolics/symbolic_coord_trust.c.obj
[219/928] Building C object CMakeFiles/lv_layer3_geometry.dir/core/src/layer3_geometry/symbolics/symbolic_coord_transform.c.obj
[220/928] Building C object CMakeFiles/lv_layer3_geometry.dir/core/src/layer3_geometry/symbolics/transcendental.c.obj
[221/928] Building C object CMakeFiles/lv_layer4_reasoning.dir/core/src/layer4_reasoning/engine/engine.c.obj
[222/928] Building C object CMakeFiles/lv_layer3_geometry.dir/core/src/layer3_geometry/symbolics/lv_number.c.obj
[223/928] Building C object CMakeFiles/lv_layer3_geometry.dir/core/src/layer3_geometry/sparse_linear_algebra.c.obj
[224/928] Building C object CMakeFiles/lv_layer4_reasoning.dir/core/src/layer4_reasoning/engine/engine_error.c.obj
[225/928] Building C object CMakeFiles/lv_layer4_reasoning.dir/core/src/layer4_reasoning/engine/engine_circuit.c.obj
[226/928] Building C object CMakeFiles/lv_layer4_reasoning.dir/core/src/layer4_reasoning/engine/engine_function.c.obj
[227/928] Building C object CMakeFiles/lv_layer4_reasoning.dir/core/src/layer4_reasoning/engine/engine_frozen.c.obj
[228/928] Building C object CMakeFiles/lv_layer4_reasoning.dir/core/src/layer4_reasoning/engine/engine_resource.c.obj
[229/928] Building C object CMakeFiles/lv_layer4_reasoning.dir/core/src/layer4_reasoning/engine/engine_lifecycle.c.obj
[230/928] Building C object CMakeFiles/lv_layer4_reasoning.dir/core/src/layer4_reasoning/engine/engine_state.c.obj
[231/928] Building C object CMakeFiles/lv_layer4_reasoning.dir/core/src/layer4_reasoning/solver.c.obj
[232/928] Building C object CMakeFiles/lv_layer4_reasoning.dir/core/src/layer4_reasoning/engine/engine_solve.c.obj
[233/928] Building C object CMakeFiles/lv_layer4_reasoning.dir/core/src/layer4_reasoning/engine/engine_status.c.obj
[234/928] Building C object CMakeFiles/lv_layer4_reasoning.dir/core/src/layer4_reasoning/engine/engine_stream.c.obj
[235/928] Building C object CMakeFiles/lv_layer4_reasoning.dir/core/src/layer4_reasoning/proof.c.obj
[236/928] Building C object CMakeFiles/lv_layer4_reasoning.dir/core/src/layer4_reasoning/proof_system/proof_optimize.c.obj
[237/928] Building C object CMakeFiles/lv_layer4_reasoning.dir/core/src/layer4_reasoning/solver/solver_core.c.obj
[238/928] Building C object CMakeFiles/lv_layer4_reasoning.dir/core/src/layer4_reasoning/proof_system/proof_search_algo.c.obj
[239/928] Building C object CMakeFiles/lv_layer4_reasoning.dir/core/src/layer4_reasoning/proof_system/proof_strategy_exec.c.obj
[240/928] Building C object CMakeFiles/lv_layer4_reasoning.dir/core/src/layer4_reasoning/proof_system/proof_strategy_core.c.obj
[241/928] Building C object CMakeFiles/lv_layer4_reasoning.dir/core/src/layer4_reasoning/proof_system/proof_multi_strategy.c.obj
[242/928] Building C object CMakeFiles/lv_layer4_reasoning.dir/core/src/layer4_reasoning/proof_system/proof_strategy_vector.c.obj
[243/928] Building C object CMakeFiles/lv_layer4_reasoning.dir/core/src/layer4_reasoning/proof_system/proof_strategy_angle.c.obj
[244/928] Building C object CMakeFiles/lv_layer4_reasoning.dir/core/src/layer4_reasoning/proof_system/proof_strategy_deductive.c.obj
[245/928] Building C object CMakeFiles/lv_layer4_reasoning.dir/core/src/layer4_reasoning/type_logic/three_valued_logic.c.obj
[246/928] Building C object CMakeFiles/lv_layer4_reasoning.dir/core/src/layer4_reasoning/proof_system/proof_strategy_coordinate.c.obj
[247/928] Building C object CMakeFiles/lv_layer4_reasoning.dir/core/src/layer4_reasoning/proof_system/proof_strategy_hol_oracle.c.obj
[248/928] Building C object CMakeFiles/lv_layer4_reasoning.dir/core/src/layer4_reasoning/proof_system/proof_strategy_numeric.c.obj
[249/928] Building C object CMakeFiles/lv_layer4_reasoning.dir/core/src/layer4_reasoning/proof_trace.c.obj
[250/928] Building C object CMakeFiles/lv_layer4_reasoning.dir/core/src/layer4_reasoning/proof/proof_tree.c.obj
[251/928] Building C object CMakeFiles/lv_layer4_reasoning.dir/core/src/layer4_reasoning/circuit_breaker.c.obj
[252/928] Building C object CMakeFiles/lv_layer4_reasoning.dir/core/src/layer4_reasoning/proof_system/logic_check.c.obj
[253/928] Building C object CMakeFiles/lv_layer4_reasoning.dir/core/src/layer4_reasoning/type_logic/modal_operators.c.obj
[254/928] Building C object CMakeFiles/lv_layer4_reasoning.dir/core/src/layer4_reasoning/engine/proof_engine_enhanced.c.obj
[255/928] Building C object CMakeFiles/lv_layer4_reasoning.dir/core/src/layer4_reasoning/engine/proof_engine.c.obj
[256/928] Building C object CMakeFiles/lv_layer4_reasoning.dir/core/src/layer4_reasoning/type_logic/quantifier.c.obj
[257/928] Building C object CMakeFiles/lv_layer4_reasoning.dir/core/src/layer4_reasoning/engine/proof_optimize.c.obj
[258/928] Building C object CMakeFiles/lv_layer4_reasoning.dir/core/src/layer4_reasoning/engine/proof_verify.c.obj
[259/928] Building C object CMakeFiles/lv_layer4_reasoning.dir/core/src/layer4_reasoning/engine/proof_strategy.c.obj
[260/928] Building C object CMakeFiles/lv_layer4_reasoning.dir/core/src/layer4_reasoning/rewrite.c.obj
[261/928] Building C object CMakeFiles/lv_layer4_reasoning.dir/core/src/layer4_reasoning/engine/proof_export.c.obj
[262/928] Building C object CMakeFiles/lv_layer4_reasoning.dir/core/src/layer4_reasoning/engine/proof_trace_tree.c.obj
[263/928] Building C object CMakeFiles/lv_layer4_reasoning.dir/core/src/layer4_reasoning/unify/unify.c.obj
[264/928] Building C object CMakeFiles/lv_layer4_reasoning.dir/core/src/layer4_reasoning/engine/proof_contradiction.c.obj
[265/928] Building C object CMakeFiles/lv_layer4_reasoning.dir/core/src/layer4_reasoning/unify/unify_basic.c.obj
[266/928] Building C object CMakeFiles/lv_layer4_reasoning.dir/core/src/layer4_reasoning/unify/unify_equivalence.c.obj
[267/928] Building C object CMakeFiles/lv_layer4_reasoning.dir/core/src/layer4_reasoning/unify/unify_fine.c.obj
[268/928] Building C object CMakeFiles/lv_layer4_reasoning.dir/core/src/layer4_reasoning/unify/unify_hash.c.obj
[269/928] Building C object CMakeFiles/lv_layer4_reasoning.dir/core/src/layer4_reasoning/unify/unify_instantiate.c.obj
[270/928] Building C object CMakeFiles/lv_layer4_reasoning.dir/core/src/layer4_reasoning/unify/unify_helpers.c.obj
[271/928] Building C object CMakeFiles/lv_layer4_reasoning.dir/core/src/layer4_reasoning/unify/unify_report.c.obj
[272/928] Building C object CMakeFiles/lv_layer4_reasoning.dir/core/src/layer4_reasoning/unify/unify_simplify.c.obj
[273/928] Building C object CMakeFiles/lv_layer4_reasoning.dir/core/src/layer4_reasoning/unify/graph_hash.c.obj
[274/928] Building C object CMakeFiles/lv_layer4_reasoning.dir/core/src/layer4_reasoning/model/recursion.c.obj
[275/928] Building C object CMakeFiles/lv_layer4_reasoning.dir/core/src/layer4_reasoning/unify/normalization.c.obj
C:/Users/xingg/Desktop/知识体系化Wiki/Lv-00/core/src/layer4_reasoning/unify/normalization.c:189:1: warning: '/*' within comment [-Wcomment]
  189 | /**
[276/928] Building C object CMakeFiles/lv_layer4_reasoning.dir/core/src/layer4_reasoning/model/recursion_measure.c.obj
[277/928] Building C object CMakeFiles/lv_layer4_reasoning.dir/core/src/layer4_reasoning/unify/lambda_unify.c.obj
[278/928] Building C object CMakeFiles/lv_layer4_reasoning.dir/core/src/layer4_reasoning/model/recursion_context.c.obj
[279/928] Building C object CMakeFiles/lv_layer4_reasoning.dir/core/src/layer4_reasoning/model/recursion_mutual.c.obj
[280/928] Building C object CMakeFiles/lv_layer4_reasoning.dir/core/src/layer4_reasoning/model/recursion_selector.c.obj
[281/928] Building C object CMakeFiles/lv_layer4_reasoning.dir/core/src/layer4_reasoning/model/recursion_test.c.obj
[282/928] Building C object CMakeFiles/lv_layer4_reasoning.dir/core/src/layer4_reasoning/model/recursion_symbolic_measure.c.obj
[283/928] Building C object CMakeFiles/lv_layer4_reasoning.dir/core/src/layer4_reasoning/model/recursion_utils.c.obj
[284/928] Building C object CMakeFiles/lv_layer4_reasoning.dir/core/src/layer4_reasoning/model/recursion_validation.c.obj
[285/928] Building C object CMakeFiles/lv_layer4_reasoning.dir/core/src/layer4_reasoning/model/recursion_test_suite.c.obj
[286/928] Building C object CMakeFiles/lv_layer4_reasoning.dir/core/src/layer4_reasoning/type_logic/type_system.c.obj
[287/928] Building C object CMakeFiles/lv_layer4_reasoning.dir/core/src/layer4_reasoning/type_logic/type_infer.c.obj
[288/928] Building C object CMakeFiles/lv_layer4_reasoning.dir/core/src/layer4_reasoning/proof_system/prop_verifier.c.obj
[289/928] Building C object CMakeFiles/lv_layer4_reasoning.dir/core/src/layer4_reasoning/type_logic/type_equiv_explorer.c.obj
[290/928] Building C object CMakeFiles/lv_layer4_reasoning.dir/core/src/layer4_reasoning/type_logic/type_path_explorer.c.obj
[291/928] Building C object CMakeFiles/lv_layer4_reasoning.dir/core/src/layer4_reasoning/proof_system/prop_verifier_formula.c.obj
[292/928] Building C object CMakeFiles/lv_layer4_reasoning.dir/core/src/layer4_reasoning/type_logic/type_check.c.obj
[293/928] Building C object CMakeFiles/lv_layer4_reasoning.dir/core/src/layer4_reasoning/proof_system/prop_verifier_compare.c.obj
[294/928] Building C object CMakeFiles/lv_layer4_reasoning.dir/core/src/layer4_reasoning/proof_system/prop_verifier_memo.c.obj
[295/928] Building C object CMakeFiles/lv_layer4_reasoning.dir/core/src/layer4_reasoning/proof_system/prop_verifier_serialize.c.obj
[296/928] Building C object CMakeFiles/lv_layer4_reasoning.dir/core/src/layer4_reasoning/proof_system/prop_verifier_hash.c.obj
[297/928] Building C object CMakeFiles/lv_layer4_reasoning.dir/core/src/layer4_reasoning/proof_system/prop_verifier_premises.c.obj
[298/928] Building C object CMakeFiles/lv_layer4_reasoning.dir/core/src/layer4_reasoning/proof_system/prop_verifier_context.c.obj
[299/928] Building C object CMakeFiles/lv_layer4_reasoning.dir/core/src/layer4_reasoning/proof_system/prop_verifier_forward.c.obj
[300/928] Building C object CMakeFiles/lv_layer4_reasoning.dir/core/src/layer4_reasoning/proof_system/prop_verifier_api.c.obj
[301/928] Building C object CMakeFiles/lv_layer4_reasoning.dir/core/src/layer4_reasoning/proof_system/prop_verifier_checks.c.obj
[302/928] Building C object CMakeFiles/lv_layer4_reasoning.dir/core/src/layer4_reasoning/proof_system/prop_verifier_engine.c.obj
[303/928] Building C object CMakeFiles/lv_layer4_reasoning.dir/core/src/layer4_reasoning/proof_system/prop_verifier_analysis.c.obj
[304/928] Building C object CMakeFiles/lv_layer4_reasoning.dir/core/src/layer4_reasoning/proof_system/prop_formula_visitor.c.obj
[305/928] Building C object CMakeFiles/lv_layer4_reasoning.dir/core/src/layer4_reasoning/proof_system/prop_verifier_bhk.c.obj
[306/928] Building C object CMakeFiles/lv_layer4_reasoning.dir/core/src/layer4_reasoning/proof_system/prop_verifier_trust.c.obj
[307/928] Building C object CMakeFiles/lv_layer4_reasoning.dir/core/src/layer4_reasoning/proof_system/prop_verifier_equivalence.c.obj
[308/928] Building C object CMakeFiles/lv_layer4_reasoning.dir/core/src/layer4_reasoning/backends/groebner_engine_core.c.obj
[309/928] Building C object CMakeFiles/lv_layer4_reasoning.dir/core/src/layer4_reasoning/proof_system/prop_formula_ops.c.obj
[310/928] Building C object CMakeFiles/lv_layer4_reasoning.dir/core/src/layer4_reasoning/backends/groebner_engine.c.obj
C:/Users/xingg/Desktop/知识体系化Wiki/Lv-00/core/src/layer4_reasoning/backends/groebner_engine.c:80:1: warning: '/*' within comment [-Wcomment]
   80 | /** @brief 全局注册数据 —— 单例 */
[311/928] Building C object CMakeFiles/lv_layer4_reasoning.dir/core/src/layer4_reasoning/backends/groebner_engine_ring.c.obj
[312/928] Building C object CMakeFiles/lv_layer4_reasoning.dir/core/src/layer4_reasoning/backends/groebner_engine_poly.c.obj
[313/928] Building C object CMakeFiles/lv_layer4_reasoning.dir/core/src/layer4_reasoning/backends/groebner_engine_ideal.c.obj
[314/928] Building C object CMakeFiles/lv_layer4_reasoning.dir/core/src/layer4_reasoning/expr/rational.c.obj
[315/928] Building C object CMakeFiles/lv_layer4_reasoning.dir/core/src/layer4_reasoning/backends/smt_backend_impl_external.c.obj
[316/928] Building C object CMakeFiles/lv_layer4_reasoning.dir/core/src/layer4_reasoning/backends/groebner_poly.c.obj
[317/928] Building C object CMakeFiles/lv_layer4_reasoning.dir/core/src/layer4_reasoning/backends/groebner_mono.c.obj
[318/928] Building C object CMakeFiles/lv_layer4_reasoning.dir/core/src/layer4_reasoning/backends/smt_backend_impl.c.obj
[319/928] Building C object CMakeFiles/lv_layer4_reasoning.dir/core/src/layer4_reasoning/backends/groebner_engine_variety.c.obj
[320/928] Building C object CMakeFiles/lv_layer4_reasoning.dir/core/src/layer4_reasoning/backends/smt_backend_impl_smtlib2.c.obj
[321/928] Building C object CMakeFiles/lv_layer4_reasoning.dir/core/src/layer4_reasoning/backends/atp_backend.c.obj
[322/928] Building C object CMakeFiles/lv_layer4_reasoning.dir/core/src/layer4_reasoning/backends/smt_backend_impl_groebner.c.obj
[323/928] Building C object CMakeFiles/lv_layer4_reasoning.dir/core/src/layer4_reasoning/expr/expr_canonical.c.obj
[324/928] Building C object CMakeFiles/lv_layer4_reasoning.dir/core/src/layer4_reasoning/numeric/bicgstab_shared.c.obj
[325/928] Building C object CMakeFiles/lv_layer4_reasoning.dir/core/src/layer4_reasoning/numeric/backends/default_host_ops.c.obj
[326/928] Building C object CMakeFiles/lv_layer4_reasoning.dir/core/src/layer4_reasoning/exact_arithmetic.c.obj
[327/928] Building C object CMakeFiles/lv_layer4_reasoning.dir/core/src/layer4_reasoning/backends/sat_encoding.c.obj
[328/928] Building C object CMakeFiles/lv_layer4_reasoning.dir/core/src/layer4_reasoning/expr/expr_canon.c.obj
[329/928] Building C object CMakeFiles/lv_layer4_reasoning.dir/core/src/layer4_reasoning/backends/bdd_encoding.c.obj
[330/928] Building C object CMakeFiles/lv_layer4_reasoning.dir/core/src/layer4_reasoning/backends/probabilistic_constraint.c.obj
[331/928] Building C object CMakeFiles/lv_layer4_reasoning.dir/core/src/layer4_reasoning/numeric/gmres_shared.c.obj
[332/928] Building C object CMakeFiles/lv_layer4_reasoning.dir/core/src/layer4_reasoning/numeric/host_linalg.c.obj
[333/928] Building C object CMakeFiles/lv_layer4_reasoning.dir/core/src/layer4_reasoning/model/algebra_mode.c.obj
[334/928] Building C object CMakeFiles/lv_layer4_reasoning.dir/core/src/layer4_reasoning/numeric/backends/cuda_backend.c.obj
[335/928] Building C object CMakeFiles/lv_layer4_reasoning.dir/core/src/layer4_reasoning/numeric/backends/hip_backend.c.obj
[336/928] Building C object CMakeFiles/lv_layer4_reasoning.dir/core/src/layer4_reasoning/model/relation_model.c.obj
[337/928] Building C object CMakeFiles/lv_layer4_reasoning.dir/core/src/layer4_reasoning/numeric/numerical_backend.c.obj
[338/928] Building C object CMakeFiles/lv_layer4_reasoning.dir/core/src/layer4_reasoning/numeric/backends/singular_backend.c.obj
[339/928] Building C object CMakeFiles/lv_layer4_reasoning.dir/core/src/layer4_reasoning/kernel/gc_language.c.obj
[340/928] Building C object CMakeFiles/lv_layer4_reasoning.dir/core/src/layer4_reasoning/kernel/ecosystem.c.obj
[341/928] Building C object CMakeFiles/lv_layer4_reasoning.dir/core/src/layer4_reasoning/stream/stream.c.obj
[342/928] Building C object CMakeFiles/lv_layer4_reasoning.dir/core/src/layer4_reasoning/kernel/mini_kernel.c.obj
[343/928] Building C object CMakeFiles/lv_layer4_reasoning.dir/core/src/layer4_reasoning/stream/stream_async.c.obj
[344/928] Building C object CMakeFiles/lv_layer4_reasoning.dir/core/src/layer4_reasoning/module.c.obj
[345/928] Building C object CMakeFiles/lv_layer4_reasoning.dir/core/src/layer4_reasoning/backends/smt_theory_combiner.c.obj
[346/928] Building C object CMakeFiles/lv_layer4_reasoning.dir/core/src/layer4_reasoning/backends/smt_trigger_engine.c.obj
[347/928] Building C object CMakeFiles/lv_layer4_reasoning.dir/core/src/layer4_reasoning/stream/stream_buffer.c.obj
[348/928] Building C object CMakeFiles/lv_layer4_reasoning.dir/core/src/layer4_reasoning/stream/stream_context_util.c.obj
[349/928] Building C object CMakeFiles/lv_layer4_reasoning.dir/core/src/layer4_reasoning/stream/stream_context.c.obj
[350/928] Building C object CMakeFiles/lv_layer4_reasoning.dir/core/src/layer4_reasoning/stream/stream_filter.c.obj
[351/928] Building C object CMakeFiles/lv_layer4_reasoning.dir/core/src/layer4_reasoning/backends/smt_bitvector.c.obj
[352/928] Building C object CMakeFiles/lv_layer4_reasoning.dir/core/src/layer4_reasoning/stream/stream_emit.c.obj
[353/928] Building C object CMakeFiles/lv_layer4_reasoning.dir/core/src/layer4_reasoning/stream/stream_json.c.obj
[354/928] Building C object CMakeFiles/lv_layer4_reasoning.dir/core/src/layer4_reasoning/stream/stream_lazy.c.obj
[355/928] Building C object CMakeFiles/lv_layer4_reasoning.dir/core/src/layer4_reasoning/stream/stream_stats.c.obj
[356/928] Building C object CMakeFiles/lv_layer4_reasoning.dir/core/src/layer4_reasoning/numeric/nt_number_theory.c.obj
[357/928] Building C object CMakeFiles/lv_layer4_reasoning.dir/core/src/layer4_reasoning/numeric/ode_integrator.c.obj
[358/928] Building C object CMakeFiles/lv_layer4_reasoning.dir/core/src/layer4_reasoning/numeric/ode_solver.c.obj
[359/928] Building C object CMakeFiles/lv_layer4_reasoning.dir/core/src/layer4_reasoning/stream/stream_utils.c.obj
[360/928] Building C object CMakeFiles/lv_layer4_reasoning.dir/core/src/layer4_reasoning/proof_system/proof_session.c.obj
[361/928] Building C object CMakeFiles/lv_layer4_reasoning.dir/core/src/layer4_reasoning/proof_system/proof_rule_engine.c.obj
[362/928] Building C object CMakeFiles/lv_layer4_reasoning.dir/core/src/layer4_reasoning/proof_system/proof_version.c.obj
[363/928] Building C object CMakeFiles/lv_layer4_reasoning.dir/core/src/layer4_reasoning/numeric/nt_polynomial.c.obj
[364/928] Building C object CMakeFiles/lv_layer4_reasoning.dir/core/src/layer4_reasoning/type_logic/inequality_reasoning.c.obj
[365/928] Building C object CMakeFiles/lv_layer4_reasoning.dir/core/src/layer4_reasoning/expr/sym_expr.c.obj
[366/928] Building C object CMakeFiles/lv_layer4_reasoning.dir/core/src/layer4_reasoning/numeric/bit_burning.c.obj
[367/928] Building C object CMakeFiles/lv_layer4_reasoning.dir/core/src/layer4_reasoning/numeric/autodiff.c.obj
[368/928] Building C object CMakeFiles/lv_layer4_reasoning.dir/core/src/layer4_reasoning/unify/rewrite_strategy.c.obj
[369/928] Building C object CMakeFiles/lv_layer4_reasoning.dir/core/src/layer4_reasoning/type_logic/inequality_reasoning_core.c.obj
[370/928] Building C object CMakeFiles/lv_layer4_reasoning.dir/core/src/layer4_reasoning/type_logic/inequality_reasoning_prove.c.obj
[371/928] Building C object CMakeFiles/lv_layer4_reasoning.dir/core/src/layer4_reasoning/type_logic/inequality_reasoning_transform.c.obj
[372/928] Building C object CMakeFiles/lv_layer4_reasoning.dir/core/src/layer4_reasoning/type_logic/inequality_reasoning_classic.c.obj
[373/928] Building C object CMakeFiles/lv_layer4_reasoning.dir/core/src/layer4_reasoning/type_logic/inequality_reasoning_sign.c.obj
[374/928] Building C object CMakeFiles/lv_layer4_reasoning.dir/core/src/layer4_reasoning/type_logic/inequality_reasoning_serialize.c.obj
[375/928] Building C object CMakeFiles/lv_layer4_reasoning.dir/core/src/layer4_reasoning/type_logic/inequality_reasoning_geo.c.obj
[376/928] Building C object CMakeFiles/lv_layer4_reasoning.dir/core/src/layer4_reasoning/axiom/axiom_pkg_core.c.obj
[377/928] Building C object CMakeFiles/lv_layer4_reasoning.dir/core/src/layer4_reasoning/axiom/axiom_pkg.c.obj
[378/928] Building C object CMakeFiles/lv_layer4_reasoning.dir/core/src/layer4_reasoning/axiom/axiom_pkg_verify.c.obj
[379/928] Building C object CMakeFiles/lv_layer4_reasoning.dir/core/src/layer4_reasoning/axiom/axiom_pkg_parser.c.obj
[380/928] Building C object CMakeFiles/lv_layer4_reasoning.dir/core/src/layer4_reasoning/axiom/axiom_pkg_serialize.c.obj
[381/928] Building C object CMakeFiles/lv_layer4_reasoning.dir/core/src/layer4_reasoning/axiom/axiom_pkg_expand.c.obj
[382/928] Building C object CMakeFiles/lv_layer4_reasoning.dir/core/src/layer4_reasoning/backends/groebner_parallel.c.obj
[383/928] Building C object CMakeFiles/lv_layer4_reasoning.dir/core/src/layer4_reasoning/axiom/axiom_grade.c.obj
[384/928] Building C object CMakeFiles/lv_layer4_reasoning.dir/core/src/layer4_reasoning/axiom/axiom_pkg_depref.c.obj
[385/928] Building C object CMakeFiles/lv_layer4_reasoning.dir/core/src/layer4_reasoning/func_block/func_block_compose.c.obj
[386/928] Building C object CMakeFiles/lv_layer4_reasoning.dir/core/src/layer4_reasoning/axiom/axiom_template_test.c.obj
[387/928] Building C object CMakeFiles/lv_layer4_reasoning.dir/core/src/layer4_reasoning/func_block/func_block.c.obj
[388/928] Building C object CMakeFiles/lv_layer4_reasoning.dir/core/src/layer4_reasoning/func_block/func_block_determinism.c.obj
[389/928] Building C object CMakeFiles/lv_layer4_reasoning.dir/core/src/layer4_reasoning/func_block/func_block_preset.c.obj
[390/928] Building C object CMakeFiles/lv_layer4_reasoning.dir/core/src/layer4_reasoning/func_block/func_block_instantiate.c.obj
[391/928] Building C object CMakeFiles/lv_layer4_reasoning.dir/core/src/layer4_reasoning/func_block/func_block_preset_advanced.c.obj
[392/928] Building C object CMakeFiles/lv_layer4_reasoning.dir/core/src/layer4_reasoning/func_block/func_block_preset_doc.c.obj
[393/928] Building C object CMakeFiles/lv_layer4_reasoning.dir/core/src/layer4_reasoning/func_block/func_block_preset_data.c.obj
[394/928] Building C object CMakeFiles/lv_layer4_reasoning.dir/core/src/layer4_reasoning/func_block/func_block_preset_internal.c.obj
[395/928] Building C object CMakeFiles/lv_layer4_reasoning.dir/core/src/layer4_reasoning/func_block/func_block_preset_ops.c.obj
[396/928] Building C object CMakeFiles/lv_layer4_reasoning.dir/core/src/layer4_reasoning/func_block/func_block_selector.c.obj
[397/928] Building C object CMakeFiles/lv_layer4_reasoning.dir/core/src/layer4_reasoning/func_block/func_block_preset_query.c.obj
[398/928] Building C object CMakeFiles/lv_layer4_reasoning.dir/core/src/layer4_reasoning/func_block/func_block_registry.c.obj
[399/928] Building C object CMakeFiles/lv_layer4_reasoning.dir/core/src/layer4_reasoning/func_block/func_block_utils.c.obj
[400/928] Building C object CMakeFiles/lv_layer4_reasoning.dir/core/src/layer4_reasoning/func_block/func_block_serialize.c.obj
[401/928] Building C object CMakeFiles/lv_layer4_reasoning.dir/core/src/layer4_reasoning/func_block/preset_basic_math.c.obj
[402/928] Building C object CMakeFiles/lv_layer4_reasoning.dir/core/src/layer4_reasoning/func_block/preset_blocks.c.obj
[403/928] Building C object CMakeFiles/lv_layer4_reasoning.dir/core/src/layer4_reasoning/func_block/preset_calculus.c.obj
[404/928] Building C object CMakeFiles/lv_layer4_reasoning.dir/core/src/layer4_reasoning/func_block/preset_manager_register.c.obj
[405/928] Building C object CMakeFiles/lv_layer4_reasoning.dir/core/src/layer4_reasoning/func_block/preset_common.c.obj
[406/928] Building C object CMakeFiles/lv_layer4_reasoning.dir/core/src/layer4_reasoning/func_block/preset_manager_compose.c.obj
[407/928] Building C object CMakeFiles/lv_layer4_reasoning.dir/core/src/layer4_reasoning/func_block/preset_manager_query.c.obj
[408/928] Building C object CMakeFiles/lv_layer4_reasoning.dir/core/src/layer4_reasoning/func_block/preset_manager_instantiate.c.obj
[409/928] Building C object CMakeFiles/lv_layer4_reasoning.dir/core/src/layer4_reasoning/func_block/preset_manager_doc.c.obj
[410/928] Building C object CMakeFiles/lv_layer4_reasoning.dir/core/src/layer4_reasoning/func_block/preset_manager.c.obj
[411/928] Building C object CMakeFiles/lv_layer4_reasoning.dir/core/src/layer4_reasoning/func_block/preset_manager_serialize.c.obj
[412/928] Building C object CMakeFiles/lv_layer4_reasoning.dir/core/src/layer4_reasoning/meta_proof.c.obj
[413/928] Building C object CMakeFiles/lv_layer4_reasoning.dir/core/src/layer4_reasoning/engine/conflict_detector.c.obj
[414/928] Building C object CMakeFiles/lv_layer4_reasoning.dir/core/src/layer4_reasoning/proof_contradiction.c.obj
[415/928] Building C object CMakeFiles/lv_layer4_reasoning.dir/core/src/layer4_reasoning/func_block/preset_abstract_algebra.c.obj
[416/928] Building C object CMakeFiles/lv_layer4_reasoning.dir/core/src/layer4_reasoning/solver/solver_conflict.c.obj
[417/928] Building C object CMakeFiles/lv_layer4_reasoning.dir/core/src/layer4_reasoning/axiom_rule_engine.c.obj
[418/928] Building C object CMakeFiles/lv_layer4_reasoning.dir/core/src/layer4_reasoning/solver/solver_result.c.obj
[419/928] Building C object CMakeFiles/lv_layer4_reasoning.dir/core/src/layer4_reasoning/solver/solver_dirty_set.c.obj
[420/928] Building C object CMakeFiles/lv_layer4_reasoning.dir/core/src/layer4_reasoning/solver/solver_eq_system.c.obj
[421/928] Building C object CMakeFiles/lv_layer4_reasoning.dir/core/src/layer4_reasoning/solver/solver_incremental.c.obj
[422/928] Building C object CMakeFiles/lv_layer4_reasoning.dir/core/src/layer4_reasoning/solver/solver_feedback.c.obj
[423/928] Building C object CMakeFiles/lv_layer4_reasoning.dir/core/src/layer4_reasoning/solver/solver_coord_extract.c.obj
[424/928] Building C object CMakeFiles/lv_layer4_reasoning.dir/core/src/layer4_reasoning/solver/solver_linear.c.obj
[425/928] Building C object CMakeFiles/lv_layer4_reasoning.dir/core/src/layer4_reasoning/solver/solver_order.c.obj
[426/928] Building C object CMakeFiles/lv_layer4_reasoning.dir/core/src/layer4_reasoning/solver/solver_snapshot.c.obj
[427/928] Building C object CMakeFiles/lv_layer4_reasoning.dir/core/src/layer4_reasoning/solver/solver_stats.c.obj
[428/928] Building C object CMakeFiles/lv_layer4_reasoning.dir/core/src/layer4_reasoning/solver/solver_symbolic.c.obj
[429/928] Building C object CMakeFiles/lv_layer4_reasoning.dir/core/src/layer4_reasoning/solver/solver_eliminate.c.obj
[430/928] Building C object CMakeFiles/lv_layer4_reasoning.dir/core/src/layer4_reasoning/solver/solver_engine.c.obj
[431/928] Building C object CMakeFiles/lv_layer4_reasoning.dir/core/src/layer4_reasoning/solver/solver_multibranch.c.obj
[432/928] Building C object CMakeFiles/lv_layer4_reasoning.dir/core/src/layer4_reasoning/proof/proof_navigator_dependency.c.obj
[433/928] Building C object CMakeFiles/lv_layer4_reasoning.dir/core/src/layer4_reasoning/proof/proof_navigator_exfalso.c.obj
[434/928] Building C object CMakeFiles/lv_layer4_reasoning.dir/core/src/layer4_reasoning/solver/solver_geom_templates.c.obj
[435/928] Building C object CMakeFiles/lv_layer4_reasoning.dir/core/src/layer4_reasoning/proof/proof_navigator.c.obj
[436/928] Building C object CMakeFiles/lv_layer4_reasoning.dir/core/src/layer4_reasoning/proof/proof_navigator_interactive.c.obj
[437/928] Building C object CMakeFiles/lv_layer4_reasoning.dir/core/src/layer4_reasoning/solver/solver_groebner.c.obj
[438/928] Building C object CMakeFiles/lv_layer4_reasoning.dir/core/src/layer4_reasoning/proof/proof_navigator_breakpoint.c.obj
[439/928] Building C object CMakeFiles/lv_layer4_reasoning.dir/core/src/layer4_reasoning/proof/proof_version.c.obj
[440/928] Building C object CMakeFiles/lv_layer4_reasoning.dir/core/src/layer4_reasoning/proof/proof_dependency.c.obj
[441/928] Building C object CMakeFiles/lv_layer4_reasoning.dir/core/src/layer4_reasoning/proof/proof_navigator_export.c.obj
[442/928] Building C object CMakeFiles/lv_layer4_reasoning.dir/core/src/layer4_reasoning/proof/proof_navigator_equivalence.c.obj
[443/928] Building C object CMakeFiles/lv_layer4_reasoning.dir/core/src/layer4_reasoning/proof/proof_navigator_misc.c.obj
[444/928] Building C object CMakeFiles/lv_layer4_reasoning.dir/core/src/layer4_reasoning/proof/proof_navigator_degrade.c.obj
[445/928] Building C object CMakeFiles/lv_layer4_reasoning.dir/core/src/layer4_reasoning/proof/proof_navigator_utils.c.obj
[446/928] Building C object CMakeFiles/lv_layer4_reasoning.dir/core/src/layer4_reasoning/proof/proof_step_registry.c.obj
[447/928] Building C object CMakeFiles/lv_layer4_reasoning.dir/core/src/layer4_reasoning/proof/proof_version_nl.c.obj
[448/928] Building C object CMakeFiles/lv_layer4_reasoning.dir/core/src/layer4_reasoning/proof/proof_navigator_instantiate.c.obj
[449/928] Building C object CMakeFiles/lv_layer4_reasoning.dir/core/src/layer4_reasoning/proof/proof_version_sledge.c.obj
[450/928] Building C object CMakeFiles/lv_layer4_reasoning.dir/core/src/layer4_reasoning/proof/proof_version_ghost.c.obj
[451/928] Building C object CMakeFiles/lv_layer4_reasoning.dir/core/src/layer4_reasoning/proof/proof_proposition.c.obj
[452/928] Building C object CMakeFiles/lv_layer4_reasoning.dir/core/src/layer4_reasoning/proof/proof_version_task.c.obj
[453/928] Building C object CMakeFiles/lv_layer4_reasoning.dir/core/src/layer4_reasoning/proof/proof_version_refine.c.obj
[454/928] Building C object CMakeFiles/lv_layer4_reasoning.dir/core/src/layer4_reasoning/proof/proof_version_isar.c.obj
[455/928] Building C object CMakeFiles/lv_layer4_reasoning.dir/core/src/layer4_reasoning/proof/trust_color.c.obj
[456/928] Building C object CMakeFiles/lv_layer4_reasoning.dir/core/src/layer4_reasoning/proof/meta_verify.c.obj
[457/928] Building C object CMakeFiles/lv_layer4_reasoning.dir/core/src/layer4_reasoning/rewrite/rewrite_match.c.obj
[458/928] Building C object CMakeFiles/lv_layer4_reasoning.dir/core/src/layer4_reasoning/rewrite/rewrite_apply.c.obj
[459/928] Building C object CMakeFiles/lv_layer4_reasoning.dir/core/src/layer4_reasoning/rewrite/rewrite_binding.c.obj
[460/928] Building C object CMakeFiles/lv_layer4_reasoning.dir/core/src/layer4_reasoning/rewrite/rewrite_hash.c.obj
[461/928] Building C object CMakeFiles/lv_layer4_reasoning.dir/core/src/layer4_reasoning/rewrite/rewrite_snapshot.c.obj
[462/928] Building C object CMakeFiles/lv_layer4_reasoning.dir/core/src/layer4_reasoning/rewrite/critical_pair.c.obj
[463/928] Building C object CMakeFiles/lv_layer4_reasoning.dir/core/src/layer4_reasoning/rewrite/rewrite_rule.c.obj
[464/928] Building C object CMakeFiles/lv_layer4_reasoning.dir/core/src/layer4_reasoning/rewrite/rewrite_wl.c.obj
[465/928] Building C object CMakeFiles/lv_layer4_reasoning.dir/core/src/layer4_reasoning/rewrite/rewrite_match_search.c.obj
[466/928] Building C object CMakeFiles/lv_layer4_reasoning.dir/core/src/layer4_reasoning/rewrite/rewrite_vf2.c.obj
[467/928] Building C object CMakeFiles/lv_layer4_reasoning.dir/core/src/layer4_reasoning/lambda/lambda_church.c.obj
[468/928] Building C object CMakeFiles/lv_layer4_reasoning.dir/core/src/layer4_reasoning/rewrite/rewrite_strategy_impl.c.obj
[469/928] Building C object CMakeFiles/lv_layer4_reasoning.dir/core/src/layer4_reasoning/rewrite/beta_reduce.c.obj
[470/928] Building C object CMakeFiles/lv_layer4_reasoning.dir/core/src/layer4_reasoning/lambda/lambda_term.c.obj
[471/928] Building C object CMakeFiles/lv_layer4_reasoning.dir/core/src/layer4_reasoning/lambda/lambda_type_check.c.obj
[472/928] Building C object CMakeFiles/lv_layer4_reasoning.dir/core/src/layer4_reasoning/lambda/lambda_to_graph.c.obj
[473/928] Building C object CMakeFiles/lv_layer4_reasoning.dir/core/src/layer4_reasoning/bootstrap_test_init.c.obj
[474/928] Building C object CMakeFiles/lv_layer4_reasoning.dir/core/src/layer4_reasoning/bootstrap_test_diff.c.obj
[475/928] Building C object CMakeFiles/lv_layer4_reasoning.dir/core/src/layer4_reasoning/backends/approx_counter.c.obj
[476/928] Building C object CMakeFiles/lv_layer4_reasoning.dir/core/src/layer4_reasoning/bootstrap_test.c.obj
[477/928] Building C object CMakeFiles/lv_layer4_reasoning.dir/core/src/layer4_reasoning/bootstrap_test_random.c.obj
[478/928] Building C object CMakeFiles/lv_layer4_reasoning.dir/core/src/layer4_reasoning/bootstrap_test_primitive.c.obj
[479/928] Building C object CMakeFiles/lv_layer4_reasoning.dir/core/src/layer4_reasoning/command_log.c.obj
[480/928] Building C object CMakeFiles/lv_layer4_reasoning.dir/core/src/layer4_reasoning/bootstrap_test_iso.c.obj
[481/928] Building C object CMakeFiles/lv_layer4_reasoning.dir/core/src/layer4_reasoning/engine/engine_scheduler.c.obj
[482/928] Building C object CMakeFiles/lv_layer4_reasoning.dir/core/src/layer4_reasoning/bootstrap_test_oracle.c.obj
[483/928] Building C object CMakeFiles/lv_layer4_reasoning.dir/core/src/layer4_reasoning/bootstrap_test_report.c.obj
[484/928] Building C object CMakeFiles/lv_layer4_reasoning.dir/core/src/layer4_reasoning/module/module_delta.c.obj
[485/928] Building C object CMakeFiles/lv_layer4_reasoning.dir/core/src/layer4_reasoning/module/module_lvz.c.obj
[486/928] Building C object CMakeFiles/lv_layer4_reasoning.dir/core/src/layer4_reasoning/module/module_serialize.c.obj
[487/928] Building C object CMakeFiles/lv_layer4_reasoning.dir/core/src/layer4_reasoning/module/module_serialize_autosave.c.obj
[488/928] Building C object CMakeFiles/lv_layer4_reasoning.dir/core/src/layer4_reasoning/module/module_serialize_json.c.obj
[489/928] Building C object CMakeFiles/lv_layer4_reasoning.dir/core/src/layer4_reasoning/numeric/mv_polynomial.c.obj
[490/928] Building C object CMakeFiles/lv_layer5_output.dir/core/src/layer5_output/interop/interop.c.obj
[491/928] Building C object CMakeFiles/lv_layer4_reasoning.dir/core/src/layer4_reasoning/module/module_serialize_msgpack.c.obj
[492/928] Building C object CMakeFiles/lv_layer5_output.dir/core/src/layer5_output/magic/magic_rune.c.obj
[493/928] Building C object CMakeFiles/lv_layer5_output.dir/core/src/layer5_output/proof_export_enhanced.c.obj
[494/928] Building C object CMakeFiles/lv_layer5_output.dir/core/src/layer5_output/magic/magic_array.c.obj
[495/928] Building C object CMakeFiles/lv_layer5_output.dir/core/src/layer5_output/proof_widget.c.obj
[496/928] Building C object CMakeFiles/lv_layer5_output.dir/core/src/layer5_output/magic/magic_spell.c.obj
[497/928] Building C object CMakeFiles/lv_layer5_output.dir/core/src/layer5_output/magic/magic_domain.c.obj
[498/928] Building C object CMakeFiles/lv_layer5_output.dir/core/src/layer5_output/geo_visual_complete.c.obj
[499/928] Building C object CMakeFiles/lv_layer5_output.dir/core/src/layer5_output/lv_render_visitor.c.obj
[500/928] Building C object CMakeFiles/lv_layer5_output.dir/core/src/layer5_output/lv_render_visitor_tikz.c.obj
[501/928] Building C object CMakeFiles/lv_layer5_output.dir/core/src/layer5_output/plugin_system_core.c.obj
[502/928] Building C object CMakeFiles/lv_layer5_output.dir/core/src/layer5_output/plugin_system.c.obj
[503/928] Building C object CMakeFiles/lv_layer5_output.dir/core/src/layer5_output/lv_protocol.c.obj
[504/928] Building C object CMakeFiles/lv_layer5_output.dir/core/src/layer5_output/plugin_system_load.c.obj
[505/928] Building C object CMakeFiles/lv_layer5_output.dir/core/src/layer5_output/plugin_system_state.c.obj
[506/928] Building C object CMakeFiles/lv_layer5_output.dir/core/src/layer5_output/plugin_system_query.c.obj
[507/928] Building C object CMakeFiles/lv_layer5_output.dir/core/src/layer5_output/plugin_system_event.c.obj
[508/928] Building C object CMakeFiles/lv_layer5_output.dir/core/src/layer5_output/plugin_system_interface.c.obj
[509/928] Building C object CMakeFiles/lv_layer5_output.dir/core/src/layer5_output/plugin_system_config.c.obj
[510/928] Building C object CMakeFiles/lv_layer5_output.dir/core/src/layer5_output/plugin_system_deps.c.obj
[511/928] Building C object CMakeFiles/lv_layer5_output.dir/core/src/layer5_output/plugin_system_autoload.c.obj
[512/928] Building C object CMakeFiles/lv_layer5_output.dir/core/src/layer5_output/tikz_export.c.obj
[513/928] Building C object CMakeFiles/lv_layer5_output.dir/core/src/layer5_output/plugin_system_version.c.obj
[514/928] Building C object CMakeFiles/lv_layer5_output.dir/core/src/layer5_output/interop/interop_export.c.obj
[515/928] Building C object CMakeFiles/lv_layer5_output.dir/core/src/layer5_output/proof_compiler.c.obj
[516/928] Building C object CMakeFiles/lv_layer5_output.dir/core/src/layer5_output/interop/interop_export_canonical.c.obj
[517/928] Building C object CMakeFiles/lv_layer5_output.dir/core/src/layer5_output/interop/interop_export_coq.c.obj
[518/928] Building C object CMakeFiles/lv_layer5_output.dir/core/src/layer5_output/interop/interop_export_html.c.obj
[519/928] Building C object CMakeFiles/lv_layer5_output.dir/core/src/layer5_output/interop/interop_command.c.obj
[520/928] Building C object CMakeFiles/lv_layer5_output.dir/core/src/layer5_output/interop/interop_export_geojson.c.obj
[521/928] Building C object CMakeFiles/lv_layer5_output.dir/core/src/layer5_output/interop/interop_export_lean.c.obj
[522/928] Building C object CMakeFiles/lv_layer5_output.dir/core/src/layer5_output/interop/interop_export_pdf.c.obj
[523/928] Building C object CMakeFiles/lv_layer5_output.dir/core/src/layer5_output/interop/interop_export_svg.c.obj
[524/928] Building C object CMakeFiles/lv_layer5_output.dir/core/src/layer5_output/interop/interop_server.c.obj
[525/928] Building C object CMakeFiles/lv_layer5_output.dir/core/src/layer5_output/interop/interop_import.c.obj
[526/928] Building C object CMakeFiles/lv_layer6_visual.dir/core/src/layer6_visual/visual_editor.c.obj
[527/928] Building C object CMakeFiles/lv_layer6_visual.dir/core/src/layer6_visual/node_graph.c.obj
[528/928] Building C object CMakeFiles/lv_layer5_output.dir/core/src/layer5_output/interop/interop_theorem.c.obj
[529/928] Building C object CMakeFiles/lv_layer6_visual.dir/core/src/layer6_visual/control_flow/if_block.c.obj
[530/928] Building C object CMakeFiles/lv_layer6_visual.dir/core/src/layer6_visual/text_code.c.obj
[531/928] Building C object CMakeFiles/lv_layer6_visual.dir/core/src/layer6_visual/geometry_canvas.c.obj
[532/928] Building C object CMakeFiles/lv_layer6_visual.dir/core/src/layer6_visual/block_canvas.c.obj
[533/928] Building C object CMakeFiles/lv_layer6_visual.dir/core/src/layer6_visual/control_flow/while_block.c.obj
[534/928] Building C object CMakeFiles/lv_layer6_visual.dir/core/src/layer6_visual/view_synchronizer.c.obj
[535/928] Building C object CMakeFiles/lv_layer6_visual.dir/core/src/layer6_visual/io/file_block.c.obj
[536/928] Building C object CMakeFiles/lv_layer6_visual.dir/core/src/layer6_visual/control_flow/match_block.c.obj
[537/928] Building C object CMakeFiles/lv_layer6_visual.dir/core/src/layer6_visual/io/network_block.c.obj
[538/928] Building C object CMakeFiles/lv_layer6_visual.dir/core/src/layer6_visual/io/ui_block.c.obj
[539/928] Building C object CMakeFiles/lv_layer6_visual.dir/core/src/layer6_visual/data/list_block.c.obj
[540/928] Building C object CMakeFiles/lv_layer6_visual.dir/core/src/layer6_visual/data/map_block.c.obj
[541/928] Building C object CMakeFiles/lv_layer6_visual.dir/core/src/layer6_visual/data/record_block.c.obj
[542/928] Building C object CMakeFiles/lv_layer6_visual.dir/core/src/layer6_visual/runtime/incremental_exec.c.obj
[543/928] Building C object CMakeFiles/lv_layer6_visual.dir/core/src/layer6_visual/runtime/effect_tracker.c.obj
[544/928] Building C object CMakeFiles/lv_layer6_visual.dir/core/src/layer6_visual/runtime/block_scheduler.c.obj
[545/928] Building C object CMakeFiles/lv_layer6_visual.dir/core/src/layer6_visual/types/effect_types.c.obj
[546/928] Building C object CMakeFiles/lv_layer6_visual.dir/core/src/layer6_visual/types/type_inference.c.obj
[547/928] Building C object CMakeFiles/lv_layer6_visual.dir/core/src/layer6_visual/types/extended_types.c.obj
[548/928] Building C object CMakeFiles/lv_layer6_visual.dir/core/src/layer6_visual/converter/block_to_text.c.obj
[549/928] Building C object CMakeFiles/lv_layer6_visual.dir/core/src/layer6_visual/converter/block_to_node.c.obj
[550/928] Building C object CMakeFiles/lv_layer6_visual.dir/core/src/layer6_visual/converter/block_to_geometry.c.obj
C:/Users/xingg/Desktop/知识体系化Wiki/Lv-00/core/src/layer6_visual/converter/block_to_geometry.c:14:9: warning: 'MAX_BLOCK_PORTS' redefined
   14 | #define MAX_BLOCK_PORTS 64
      |         ^~~~~~~~~~~~~~~
In file included from C:/Users/xingg/Desktop/知识体系化Wiki/Lv-00/core/src/layer6_visual/converter/block_to_geometry.c:8:
C:/Users/xingg/Desktop/知识体系化Wiki/Lv-00/core/include/lv/lv_internal.h:91:9: note: this is the location of the previous definition
   91 | #define MAX_BLOCK_PORTS 32
      |         ^~~~~~~~~~~~~~~
[551/928] Building C object CMakeFiles/lv_layer6_visual.dir/core/src/layer6_visual/converter/sync_protocol.c.obj
[552/928] Building C object CMakeFiles/lv_layer8_meta_verify.dir/core/src/layer8_meta_verify/meta_verify.c.obj
[553/928] Building C object CMakeFiles/lv_layer10_interop.dir/core/src/layer10_interop/coq_bridge.c.obj
[554/928] Building C object CMakeFiles/lv_layer10_interop.dir/core/src/layer10_interop/lean4_bridge.c.obj
[555/928] Building C object CMakeFiles/lv_layer10_interop.dir/core/src/layer10_interop/opml_codec.c.obj
[556/928] Building C object CMakeFiles/test_complex_graph.dir/test/c/test_complex_graph.c.obj
[557/928] Building C object CMakeFiles/test_edge_cases.dir/test/c/test_edge_cases.c.obj
[558/928] Building C object CMakeFiles/test_normalization.dir/test/c/test_normalization.c.obj
[559/928] Building C object CMakeFiles/test_basic.dir/test/c/test_basic.c.obj
[560/928] Building C object CMakeFiles/test_constraint_graph_ops.dir/test/c/test_constraint_graph_ops.c.obj
[561/928] Building C object CMakeFiles/test_graph_hash.dir/test/c/test_graph_hash.c.obj
[562/928] Building C object CMakeFiles/test_unify.dir/test/c/test_unify.c.obj
[563/928] Building C object CMakeFiles/test_constraint_compatibility.dir/test/c/test_constraint_compatibility.c.obj
[564/928] Building C object CMakeFiles/test_func_block.dir/test/c/test_func_block.c.obj
[565/928] Building C object CMakeFiles/test_solver.dir/test/c/test_solver.c.obj
[566/928] Building C object CMakeFiles/test_solver_enhanced.dir/test/c/test_solver_enhanced.c.obj
[567/928] Building C object CMakeFiles/test_rewrite.dir/test/c/test_rewrite.c.obj
[568/928] Building C object CMakeFiles/test_critical_pair.dir/test/c/test_critical_pair.c.obj
[569/928] Building C object CMakeFiles/test_type_equiv_explorer.dir/test/c/test_type_equiv_explorer.c.obj
[570/928] Building C object CMakeFiles/test_groebner_basis.dir/test/c/test_groebner_basis.c.obj
[571/928] Building C object CMakeFiles/test_axiom_pkg.dir/test/c/test_axiom_pkg.c.obj
[572/928] Building C object CMakeFiles/test_proof.dir/test/c/test_proof.c.obj
[573/928] Building C object CMakeFiles/test_template_test.dir/test/c/test_template_test.c.obj
[574/928] Building C object CMakeFiles/test_type_system.dir/test/c/test_type_system.c.obj
[575/928] Building C object CMakeFiles/test_module.dir/test/c/test_module.c.obj
[576/928] Building C object CMakeFiles/test_graph_serialize.dir/test/c/test_graph_serialize.c.obj
[577/928] Building C object CMakeFiles/test_serialize_registry.dir/test/c/test_serialize_registry.c.obj
[578/928] Linking C static library liblv.a
[579/928] Building C object CMakeFiles/test_recursion.dir/test/c/test_recursion.c.obj
[580/928] Building C object CMakeFiles/test_implementation.dir/test/c/test_implementation.c.obj
[581/928] Building C object CMakeFiles/test_minimal_parse.dir/test/c/test_minimal_parse.c.obj
[582/928] Building C object CMakeFiles/test_axiom_euclidean_plane.dir/test/c/test_axiom_euclidean_plane.c.obj
[583/928] Building C object CMakeFiles/test_axiom_group_theory.dir/test/c/test_axiom_group_theory.c.obj
[584/928] Building C object CMakeFiles/test_axiom_zfc_set_theory.dir/test/c/test_axiom_zfc_set_theory.c.obj
[585/928] Building C object CMakeFiles/test_axiom_boolean_algebra.dir/test/c/test_axiom_boolean_algebra.c.obj
[586/928] Building C object CMakeFiles/test_axiom_classical_propositional_logic.dir/test/c/test_axiom_classical_propositional_logic.c.obj
[587/928] Building C object CMakeFiles/test_axiom_intuitionistic_propositional_logic.dir/test/c/test_axiom_intuitionistic_propositional_logic.c.obj
[588/928] Building C object CMakeFiles/test_axiom_ring_theory.dir/test/c/test_axiom_ring_theory.c.obj
[589/928] Building C object CMakeFiles/test_axiom_intuitionistic_logic.dir/test/c/test_axiom_intuitionistic_logic.c.obj
[590/928] Building C object CMakeFiles/test_axiom_category_theory.dir/test/c/test_axiom_category_theory.c.obj
[591/928] Building C object CMakeFiles/test_axiom_point_set_topology.dir/test/c/test_axiom_point_set_topology.c.obj
[592/928] Building C object CMakeFiles/test_axiom_hyperbolic_geometry.dir/test/c/test_axiom_hyperbolic_geometry.c.obj
[593/928] Building C object CMakeFiles/test_axiom_elliptic_geometry.dir/test/c/test_axiom_elliptic_geometry.c.obj
[594/928] Building C object CMakeFiles/test_axiom_simple_type_theory.dir/test/c/test_axiom_simple_type_theory.c.obj
[595/928] Building C object CMakeFiles/test_axiom_field_theory.dir/test/c/test_axiom_field_theory.c.obj
[596/928] Building C object CMakeFiles/test_axiom_real_analysis.dir/test/c/test_axiom_real_analysis.c.obj
[597/928] Building C object CMakeFiles/test_axiom_nbg_set_theory.dir/test/c/test_axiom_nbg_set_theory.c.obj
[598/928] Building C object CMakeFiles/test_axiom_algebraic_topology.dir/test/c/test_axiom_algebraic_topology.c.obj
[599/928] Building C object CMakeFiles/test_axiom_combinatorics.dir/test/c/test_axiom_combinatorics.c.obj
[600/928] Building C object CMakeFiles/test_axiom_dependent_type_theory.dir/test/c/test_axiom_dependent_type_theory.c.obj
[601/928] Building C object CMakeFiles/test_axiom_model_theory.dir/test/c/test_axiom_model_theory.c.obj
[602/928] Building C object CMakeFiles/test_axiom_homological_algebra.dir/test/c/test_axiom_homological_algebra.c.obj
[603/928] Building C object CMakeFiles/test_axiom_universal_algebra.dir/test/c/test_axiom_universal_algebra.c.obj
[604/928] Building C object CMakeFiles/test_axiom_differential_geometry.dir/test/c/test_axiom_differential_geometry.c.obj
[605/928] Building C object CMakeFiles/test_axiom_number_theory.dir/test/c/test_axiom_number_theory.c.obj
[606/928] Building C object CMakeFiles/test_axiom_functional_analysis.dir/test/c/test_axiom_functional_analysis.c.obj
[607/928] Building C object CMakeFiles/test_axiom_algebraic_geometry.dir/test/c/test_axiom_algebraic_geometry.c.obj
[608/928] Building C object CMakeFiles/test_axiom_proof_theory.dir/test/c/test_axiom_proof_theory.c.obj
[609/928] Building C object CMakeFiles/test_axiom_homotopy_type_theory.dir/test/c/test_axiom_homotopy_type_theory.c.obj
[610/928] Building C object CMakeFiles/test_axiom_lattice_theory.dir/test/c/test_axiom_lattice_theory.c.obj
[611/928] Building C object CMakeFiles/test_axiom_affine_geometry.dir/test/c/test_axiom_affine_geometry.c.obj
[612/928] Building C object CMakeFiles/test_axiom_lie_theory.dir/test/c/test_axiom_lie_theory.c.obj
[613/928] Building C object CMakeFiles/test_axiom_projective_geometry.dir/test/c/test_axiom_projective_geometry.c.obj
[614/928] Building C object CMakeFiles/test_axiom_modal_logic.dir/test/c/test_axiom_modal_logic.c.obj
[615/928] Building C object CMakeFiles/test_axiom_metric_space.dir/test/c/test_axiom_metric_space.c.obj
[616/928] Building C object CMakeFiles/test_axiom_linear_logic.dir/test/c/test_axiom_linear_logic.c.obj
[617/928] Building C object CMakeFiles/test_axiom_game_theory.dir/test/c/test_axiom_game_theory.c.obj
[618/928] Building C object CMakeFiles/test_axiom_information_theory.dir/test/c/test_axiom_information_theory.c.obj
[619/928] Building C object CMakeFiles/test_axiom_descriptive_set_theory.dir/test/c/test_axiom_descriptive_set_theory.c.obj
[620/928] Building C object CMakeFiles/test_axiom_computability_theory.dir/test/c/test_axiom_computability_theory.c.obj
[621/928] Building C object CMakeFiles/test_axiom_domain_theory.dir/test/c/test_axiom_domain_theory.c.obj
[622/928] Building C object CMakeFiles/test_axiom_computational_complexity_theory.dir/test/c/test_axiom_computational_complexity_theory.c.obj
[623/928] Building C object CMakeFiles/test_axiom_presburger_arithmetic.dir/test/c/test_axiom_presburger_arithmetic.c.obj
[624/928] Building C object CMakeFiles/test_bytes.dir/test/c/test_bytes.c.obj
[625/928] Building C object CMakeFiles/test_utils.dir/test/c/test_utils.c.obj
[626/928] Building C object CMakeFiles/test_hashtable.dir/test/c/test_hashtable.c.obj
[627/928] Building C object CMakeFiles/test_json_buf.dir/test/c/test_json_buf.c.obj
[628/928] Building C object CMakeFiles/test_enum_maps.dir/test/c/test_enum_maps.c.obj
[629/928] Building C object CMakeFiles/test_module_serialize_unify.dir/test/c/test_module_serialize_unify.c.obj
[630/928] Building C object CMakeFiles/test_lifecycle.dir/test/c/test_lifecycle.c.obj
[631/928] Building C object CMakeFiles/test_registry.dir/test/c/test_registry.c.obj
[632/928] Building C object CMakeFiles/test_stream.dir/test/c/test_stream.c.obj
[633/928] Building C object CMakeFiles/test_parallel_for.dir/test/c/test_parallel_for.c.obj
[634/928] Building C object CMakeFiles/test_func_block_utils.dir/test/c/test_func_block_utils.c.obj
[635/928] Building C object CMakeFiles/test_stream_extended.dir/test/c/test_stream_extended.c.obj
[636/928] Building C object CMakeFiles/test_error_codes.dir/test/c/test_error_codes.c.obj
[637/928] Building C object CMakeFiles/test_func_block_preset.dir/test/c/test_func_block_preset.c.obj
[638/928] Building C object CMakeFiles/test_interop.dir/test/c/test_interop.c.obj
[639/928] Building C object CMakeFiles/test_symbolic_coord.dir/test/c/test_symbolic_coord.c.obj
[640/928] Building C object CMakeFiles/test_high_dim.dir/test/c/test_high_dim.c.obj
[641/928] Building C object CMakeFiles/test_proof_trace.dir/test/c/test_proof_trace.c.obj
[642/928] Building C object CMakeFiles/test_expr_canon.dir/test/c/test_expr_canon.c.obj
[643/928] Building C object CMakeFiles/test_rational.dir/test/c/test_rational.c.obj
[644/928] Building C object CMakeFiles/test_circuit_breaker.dir/test/c/test_circuit_breaker.c.obj
[645/928] Building C object CMakeFiles/test_new_modules.dir/test/c/test_new_modules.c.obj
In file included from C:/Users/xingg/Desktop/知识体系化Wiki/Lv-00/test/c/test_new_modules.c:23:
C:/Users/xingg/Desktop/知识体系化Wiki/Lv-00/core/include/lv/runtime_monitor.h:35:9: warning: 'lv_LOG_MSG_MAX_LEN' redefined
   35 | #define lv_LOG_MSG_MAX_LEN 4096
      |         ^~~~~~~~~~~~~~~~~~
In file included from C:/Users/xingg/Desktop/知识体系化Wiki/Lv-00/core/include/lv/lv_utils.h:38,
                 from C:/Users/xingg/Desktop/知识体系化Wiki/Lv-00/core/include/lv/geometry_transform.h:12,
                 from C:/Users/xingg/Desktop/知识体系化Wiki/Lv-00/test/c/test_new_modules.c:19:
C:/Users/xingg/Desktop/知识体系化Wiki/Lv-00/core/include/lv/config.h:821:9: note: this is the location of the previous definition
  821 | #define lv_LOG_MSG_MAX_LEN lv_CONFIG_LOG_MSG_MAX_LEN
      |         ^~~~~~~~~~~~~~~~~~
C:/Users/xingg/Desktop/知识体系化Wiki/Lv-00/core/include/lv/runtime_monitor.h:38:9: warning: 'lv_LOG_TAG_MAX_LEN' redefined
   38 | #define lv_LOG_TAG_MAX_LEN 64
      |         ^~~~~~~~~~~~~~~~~~
C:/Users/xingg/Desktop/知识体系化Wiki/Lv-00/core/include/lv/config.h:824:9: note: this is the location of the previous definition
  824 | #define lv_LOG_TAG_MAX_LEN lv_CONFIG_LOG_TAG_MAX_LEN
      |         ^~~~~~~~~~~~~~~~~~
C:/Users/xingg/Desktop/知识体系化Wiki/Lv-00/core/include/lv/runtime_monitor.h:41:9: warning: 'lv_METRIC_NAME_MAX_LEN' redefined
   41 | #define lv_METRIC_NAME_MAX_LEN 128
      |         ^~~~~~~~~~~~~~~~~~~~~~
C:/Users/xingg/Desktop/知识体系化Wiki/Lv-00/core/include/lv/config.h:827:9: note: this is the location of the previous definition
  827 | #define lv_METRIC_NAME_MAX_LEN lv_CONFIG_METRIC_NAME_MAX_LEN
      |         ^~~~~~~~~~~~~~~~~~~~~~
[646/928] Building C object CMakeFiles/test_geo_invariant.dir/test/c/test_geo_invariant.c.obj
[647/928] Building C object CMakeFiles/test_gappa_dsl.dir/test/c/test_gappa_dsl.c.obj
[648/928] Building C object CMakeFiles/test_ga_multivector.dir/test/c/test_ga_multivector.c.obj
[649/928] Building C object CMakeFiles/test_smt_bitvector.dir/test/c/test_smt_bitvector.c.obj
[650/928] Building C object CMakeFiles/test_interval_arithmetic.dir/test/c/test_interval_arithmetic.c.obj
[651/928] Building C object CMakeFiles/test_nt_number_theory.dir/test/c/test_nt_number_theory.c.obj
[652/928] Building C object CMakeFiles/test_proof_rule_engine.dir/test/c/test_proof_rule_engine.c.obj
[653/928] Building C object CMakeFiles/test_sym_expr.dir/test/c/test_sym_expr.c.obj
[654/928] Building C object CMakeFiles/test_rewrite_strategy_impl.dir/test/c/test_rewrite_strategy_impl.c.obj
[655/928] Building C object CMakeFiles/test_nt_polynomial.dir/test/c/test_nt_polynomial.c.obj
[656/928] Building C object CMakeFiles/test_rewrite_strategy.dir/test/c/test_rewrite_strategy.c.obj
[657/928] Building C object CMakeFiles/test_sparse_linear_algebra.dir/test/c/test_sparse_linear_algebra.c.obj
[658/928] Building C object CMakeFiles/test_proof_version.dir/test/c/test_proof_version.c.obj
[659/928] Building C object CMakeFiles/test_autodiff.dir/test/c/test_autodiff.c.obj
[660/928] Building C object CMakeFiles/test_prop_verifier.dir/core/src/layer4_reasoning/proof_system/prop_verifier_formula.c.obj
[661/928] Building C object CMakeFiles/test_prop_verifier.dir/core/src/layer4_reasoning/proof_system/prop_verifier.c.obj
[662/928] Building C object CMakeFiles/test_prop_verifier.dir/core/src/layer4_reasoning/proof_system/prop_verifier_compare.c.obj
[663/928] Building C object CMakeFiles/test_prop_verifier.dir/test/c/test_prop_verifier.c.obj
[664/928] Building C object CMakeFiles/test_prop_verifier.dir/core/src/layer4_reasoning/proof_system/prop_verifier_serialize.c.obj
[665/928] Building C object CMakeFiles/test_prop_verifier.dir/core/src/layer4_reasoning/proof_system/prop_verifier_context.c.obj
[666/928] Building C object CMakeFiles/test_prop_verifier.dir/core/src/layer4_reasoning/proof_system/prop_verifier_hash.c.obj
[667/928] Building C object CMakeFiles/test_prop_verifier.dir/core/src/layer4_reasoning/proof_system/prop_verifier_memo.c.obj
[668/928] Building C object CMakeFiles/test_prop_verifier.dir/core/src/layer4_reasoning/proof_system/prop_verifier_premises.c.obj
[669/928] Building C object CMakeFiles/test_prop_verifier.dir/core/src/layer4_reasoning/proof_system/prop_verifier_engine.c.obj
[670/928] Building C object CMakeFiles/test_prop_verifier.dir/core/src/layer4_reasoning/proof_system/prop_verifier_forward.c.obj
[671/928] Building C object CMakeFiles/test_prop_verifier.dir/core/src/layer4_reasoning/proof_system/prop_verifier_api.c.obj
[672/928] Building C object CMakeFiles/test_prop_verifier.dir/core/src/layer4_reasoning/proof_system/prop_verifier_checks.c.obj
[673/928] Building C object CMakeFiles/test_prop_verifier.dir/core/src/layer4_reasoning/proof_system/prop_verifier_analysis.c.obj
[674/928] Building C object CMakeFiles/test_prop_verifier.dir/core/src/layer4_reasoning/proof_system/prop_verifier_bhk.c.obj
[675/928] Building C object CMakeFiles/test_prop_verifier.dir/core/src/layer4_reasoning/proof_system/prop_formula_visitor.c.obj
[676/928] Building C object CMakeFiles/test_prop_verifier.dir/core/src/layer4_reasoning/proof_system/prop_verifier_trust.c.obj
[677/928] Building C object CMakeFiles/test_prop_verifier.dir/core/src/layer4_reasoning/proof_system/prop_verifier_equivalence.c.obj
[678/928] Building C object CMakeFiles/test_prop_verifier.dir/core/src/layer4_reasoning/proof_system/prop_formula_ops.c.obj
[679/928] Building C object CMakeFiles/test_geo_constraint_solver_ext.dir/test/c/test_geo_constraint_solver_ext.c.obj
[680/928] Building C object CMakeFiles/test_geo_constraint_solver.dir/test/c/test_geo_constraint_solver.c.obj
[681/928] Building C object CMakeFiles/test_wfc_modules.dir/test/c/test_wfc_modules.c.obj
[682/928] Building C object CMakeFiles/test_ode_solver.dir/test/c/test_ode_solver.c.obj
[683/928] Building C object CMakeFiles/test_proof_export_enhanced.dir/test/c/test_proof_export_enhanced.c.obj
[684/928] Building C object CMakeFiles/test_performance.dir/test/c/test_performance.c.obj
[685/928] Building C object CMakeFiles/test_group_minimal.dir/test/c/test_group_minimal.c.obj
[686/928] Building C object CMakeFiles/test_memory_management.dir/test/c/test_memory_management.c.obj
[687/928] Building C object CMakeFiles/test_geo_topology.dir/test/c/test_geo_topology.c.obj
[688/928] Building C object CMakeFiles/test_geo_halfedge_mesh.dir/test/c/test_geo_halfedge_mesh.c.obj
[689/928] Building C object CMakeFiles/test_geo_predicate.dir/test/c/test_geo_predicate.c.obj
[690/928] Building C object CMakeFiles/test_propagation.dir/test/c/test_propagation.c.obj
[691/928] Building C object CMakeFiles/test_geo_dynamic.dir/test/c/test_geo_dynamic.c.obj
[692/928] Building C object CMakeFiles/test_geo_visual.dir/test/c/test_geo_visual.c.obj
[693/928] Building C object CMakeFiles/test_geom_transform_presets.dir/test/c/test_geom_transform_presets.c.obj
[694/928] Building C object CMakeFiles/test_geo_aabb_tree.dir/test/c/test_geo_aabb_tree.c.obj
[695/928] Building C object CMakeFiles/test_interactive_geo.dir/test/c/test_interactive_geo.c.obj
[696/928] Building C object CMakeFiles/test_equiv_class.dir/test/c/test_equiv_class.c.obj
[697/928] Building C object CMakeFiles/test_error_handling.dir/test/c/test_error_handling.c.obj
[698/928] Building C object CMakeFiles/test_conflict_detector.dir/test/c/test_conflict_detector.c.obj
[699/928] Building C object CMakeFiles/test_engine_ops.dir/test/c/test_engine_ops.c.obj
In file included from C:/Users/xingg/Desktop/知识体系化Wiki/Lv-00/test/c/test_engine_ops.c:18:
C:/Users/xingg/Desktop/知识体系化Wiki/Lv-00/core/include/lv/runtime_monitor.h:35:9: warning: 'lv_LOG_MSG_MAX_LEN' redefined
   35 | #define lv_LOG_MSG_MAX_LEN 4096
      |         ^~~~~~~~~~~~~~~~~~
In file included from C:/Users/xingg/Desktop/知识体系化Wiki/Lv-00/core/include/lv/lv_utils.h:38,
                 from C:/Users/xingg/Desktop/知识体系化Wiki/Lv-00/core/include/lv/mpz_poly.h:27,
                 from C:/Users/xingg/Desktop/知识体系化Wiki/Lv-00/core/include/lv/symbolic_coord.h:14,
                 from C:/Users/xingg/Desktop/知识体系化Wiki/Lv-00/core/include/lv/constraint_graph.h:46,
                 from C:/Users/xingg/Desktop/知识体系化Wiki/Lv-00/core/include/lv/engine_scheduler.h:8,
                 from C:/Users/xingg/Desktop/知识体系化Wiki/Lv-00/test/c/test_engine_ops.c:12:
C:/Users/xingg/Desktop/知识体系化Wiki/Lv-00/core/include/lv/config.h:821:9: note: this is the location of the previous definition
  821 | #define lv_LOG_MSG_MAX_LEN lv_CONFIG_LOG_MSG_MAX_LEN
      |         ^~~~~~~~~~~~~~~~~~
C:/Users/xingg/Desktop/知识体系化Wiki/Lv-00/core/include/lv/runtime_monitor.h:38:9: warning: 'lv_LOG_TAG_MAX_LEN' redefined
   38 | #define lv_LOG_TAG_MAX_LEN 64
      |         ^~~~~~~~~~~~~~~~~~
C:/Users/xingg/Desktop/知识体系化Wiki/Lv-00/core/include/lv/config.h:824:9: note: this is the location of the previous definition
  824 | #define lv_LOG_TAG_MAX_LEN lv_CONFIG_LOG_TAG_MAX_LEN
      |         ^~~~~~~~~~~~~~~~~~
C:/Users/xingg/Desktop/知识体系化Wiki/Lv-00/core/include/lv/runtime_monitor.h:41:9: warning: 'lv_METRIC_NAME_MAX_LEN' redefined
   41 | #define lv_METRIC_NAME_MAX_LEN 128
      |         ^~~~~~~~~~~~~~~~~~~~~~
C:/Users/xingg/Desktop/知识体系化Wiki/Lv-00/core/include/lv/config.h:827:9: note: this is the location of the previous definition
  827 | #define lv_METRIC_NAME_MAX_LEN lv_CONFIG_METRIC_NAME_MAX_LEN
      |         ^~~~~~~~~~~~~~~~~~~~~~
[700/928] Building C object CMakeFiles/test_adaptive_threshold.dir/test/c/test_adaptive_threshold.c.obj
[701/928] Building C object CMakeFiles/test_trust_color.dir/test/c/test_trust_color.c.obj
[702/928] Building C object CMakeFiles/test_engine_scheduler.dir/test/c/test_engine_scheduler.c.obj
[703/928] Building C object CMakeFiles/test_layer5_output_ops.dir/test/c/test_layer5_output_ops.c.obj
[704/928] Building C object CMakeFiles/test_lv_lexer.dir/test/c/test_lv_lexer.c.obj
[705/928] Building C object CMakeFiles/test_solve_debug.dir/test/c/test_solve_debug.c.obj
[706/928] Building C object CMakeFiles/test_lv_parser.dir/test/c/test_lv_parser.c.obj
[707/928] Building C object CMakeFiles/test_meta_verify.dir/test/c/test_meta_verify.c.obj
[708/928] Building C object CMakeFiles/test_lv_bootstrap.dir/test/c/test_lv_bootstrap.c.obj
[709/928] Building C object CMakeFiles/test_lambda_eval.dir/test/c/test_lambda_eval.c.obj
[710/928] Building C object CMakeFiles/test_lambda_unify.dir/test/c/test_lambda_unify.c.obj
[711/928] Building C object CMakeFiles/test_axiom_topos_theory.dir/test/c/test_axiom_topos_theory.c.obj
[712/928] Building C object CMakeFiles/test_lambda_church.dir/test/c/test_lambda_church.c.obj
[713/928] Building C object CMakeFiles/test_axiom_synthetic_differential_geometry.dir/test/c/test_axiom_synthetic_differential_geometry.c.obj
[714/928] Building C object CMakeFiles/test_axiom_second_order_arithmetic.dir/test/c/test_axiom_second_order_arithmetic.c.obj
[715/928] Building C object CMakeFiles/test_axiom_robin_arithmetic.dir/test/c/test_axiom_robin_arithmetic.c.obj
[716/928] Building C object CMakeFiles/test_axiom_quantum_information_theory.dir/test/c/test_axiom_quantum_information_theory.c.obj
[717/928] Building C object CMakeFiles/test_axiom_probability_theory.dir/test/c/test_axiom_probability_theory.c.obj
[718/928] Building C object CMakeFiles/test_axiom_peano_arithmetic.dir/test/c/test_axiom_peano_arithmetic.c.obj
[719/928] Building C object CMakeFiles/test_axiom_order_theory.dir/test/c/test_axiom_order_theory.c.obj
[720/928] Building C object CMakeFiles/test_axiom_non_well_founded_set_theory.dir/test/c/test_axiom_non_well_founded_set_theory.c.obj
[721/928] Building C object CMakeFiles/test_axiom_galois_theory.dir/test/c/test_axiom_galois_theory.c.obj
[722/928] Building C object CMakeFiles/test_axiom_measure_theory.dir/test/c/test_axiom_measure_theory.c.obj
[723/928] Building C object CMakeFiles/test_axiom_linear_algebra.dir/test/c/test_axiom_linear_algebra.c.obj
[724/928] Building C object CMakeFiles/test_axiom_ergodic_theory.dir/test/c/test_axiom_ergodic_theory.c.obj
[725/928] Building C object CMakeFiles/test_axiom_cartesian_closed_category.dir/test/c/test_axiom_cartesian_closed_category.c.obj
[726/928] Building C object CMakeFiles/test_axiom_graph_theory.dir/test/c/test_axiom_graph_theory.c.obj
[727/928] Building C object CMakeFiles/test_solver_submodules.dir/test/c/test_solver_submodules.c.obj
[728/928] Building C object CMakeFiles/test_geometry_core.dir/test/c/test_geometry_core.c.obj
[729/928] Building C object CMakeFiles/test_symbolic_coord_ops.dir/test/c/test_symbolic_coord_ops.c.obj
[730/928] Building C object CMakeFiles/test_layer4_misc.dir/test/c/test_layer4_misc.c.obj
[731/928] Building C object CMakeFiles/test_smt_backend.dir/test/c/test_smt_backend.c.obj
[732/928] Building C object CMakeFiles/test_bdd_sat_atp.dir/test/c/test_bdd_sat_atp.c.obj
[733/928] Building C object CMakeFiles/test_layer5_output.dir/test/c/test_layer5_output.c.obj
[734/928] Building C object CMakeFiles/test_proof_infra.dir/test/c/test_proof_infra.c.obj
[735/928] Building C object CMakeFiles/test_proof_strategy_numeric.dir/test/c/test_proof_strategy_numeric.c.obj
[736/928] Building C object CMakeFiles/test_output_export.dir/test/c/test_output_export.c.obj
[737/928] Building C object CMakeFiles/test_interval_arith.dir/test/c/test_interval_arith.c.obj
[738/928] Building C object CMakeFiles/test_callback_list.dir/test/c/test_callback_list.c.obj
[739/928] Building C object CMakeFiles/test_proof_rule_numeric.dir/test/c/test_proof_rule_numeric.c.obj
[740/928] Building C object CMakeFiles/test_groebner_parallel.dir/test/c/test_groebner_parallel.c.obj
[741/928] Building C object CMakeFiles/test_layer5_core.dir/test/c/test_layer5_core.c.obj
[742/928] Building C object CMakeFiles/example_stream_advanced.dir/test/examples/stream_advanced_demo.c.obj
[743/928] Building C object CMakeFiles/test_proof_strategy_legacy.dir/test/c/test_proof_strategy_legacy.c.obj
[744/928] Building C object CMakeFiles/test_layer6_visual.dir/test/c/test_layer6_visual.c.obj
[745/928] Building C object CMakeFiles/example_triangle.dir/test/examples/triangle_construction.c.obj
[746/928] Building C object CMakeFiles/example_circle.dir/test/examples/circle_intersection.c.obj
[747/928] Building C object CMakeFiles/example_composition.dir/test/examples/function_composition.c.obj
[748/928] Building C object CMakeFiles/example_high_dim.dir/test/examples/high_dim_demo.c.obj
[749/928] Linking C executable test_basic.exe
[750/928] Linking C executable test_complex_graph.exe
[751/928] Linking C executable test_edge_cases.exe
[752/928] Linking C executable test_normalization.exe
[753/928] Linking C executable test_constraint_graph_ops.exe
[754/928] Linking C executable test_constraint_compatibility.exe
[755/928] Linking C executable test_graph_hash.exe
[756/928] Linking C executable test_unify.exe
[757/928] Linking C executable test_func_block.exe
[758/928] Linking C executable test_critical_pair.exe
[759/928] Linking C executable test_solver.exe
[760/928] Building C object CMakeFiles/example_recursion.dir/test/examples/recursion_demo.c.obj
[761/928] Building C object CMakeFiles/example_streaming.dir/test/examples/streaming_demo.c.obj
[762/928] Building C object CMakeFiles/example_type_system.dir/test/examples/type_system_demo.c.obj
[763/928] Linking C executable test_solver_enhanced.exe
[764/928] Linking C executable test_groebner_basis.exe
[765/928] Linking C executable test_rewrite.exe
[766/928] Linking C executable test_type_equiv_explorer.exe
[767/928] Linking C executable test_proof.exe
[768/928] Linking C executable test_graph_serialize.exe
[769/928] Linking C executable test_template_test.exe
[770/928] Linking C executable test_type_system.exe
[771/928] Linking C executable test_axiom_pkg.exe
[772/928] Linking C executable test_module.exe
[773/928] Linking C executable test_serialize_registry.exe
[774/928] Linking C executable test_implementation.exe
[775/928] Linking C executable test_recursion.exe
[776/928] Linking C executable test_minimal_parse.exe
[777/928] Linking C executable test_axiom_euclidean_plane.exe
[778/928] Linking C executable test_axiom_classical_propositional_logic.exe
[779/928] Linking C executable test_axiom_boolean_algebra.exe
[780/928] Linking C executable test_axiom_intuitionistic_propositional_logic.exe
[781/928] Linking C executable test_axiom_zfc_set_theory.exe
[782/928] Linking C executable test_axiom_ring_theory.exe
[783/928] Linking C executable test_axiom_category_theory.exe
[784/928] Linking C executable test_axiom_intuitionistic_logic.exe
[785/928] Linking C executable test_axiom_group_theory.exe
[786/928] Linking C executable test_axiom_point_set_topology.exe
[787/928] Linking C executable test_axiom_hyperbolic_geometry.exe
[788/928] Linking C executable test_axiom_elliptic_geometry.exe
[789/928] Linking C executable test_axiom_field_theory.exe
[790/928] Linking C executable test_axiom_simple_type_theory.exe
[791/928] Linking C executable test_axiom_functional_analysis.exe
[792/928] Linking C executable test_axiom_real_analysis.exe
[793/928] Linking C executable test_axiom_combinatorics.exe
[794/928] Linking C executable test_axiom_algebraic_topology.exe
[795/928] Linking C executable test_axiom_universal_algebra.exe
[796/928] Linking C executable test_axiom_nbg_set_theory.exe
[797/928] Linking C executable test_axiom_number_theory.exe
[798/928] Linking C executable test_axiom_differential_geometry.exe
[799/928] Linking C executable test_axiom_homological_algebra.exe
[800/928] Linking C executable test_axiom_model_theory.exe
[801/928] Linking C executable test_axiom_dependent_type_theory.exe
[802/928] Linking C executable test_axiom_algebraic_geometry.exe
[803/928] Linking C executable test_axiom_modal_logic.exe
[804/928] Linking C executable test_axiom_homotopy_type_theory.exe
[805/928] Linking C executable test_axiom_affine_geometry.exe
[806/928] Linking C executable test_axiom_lie_theory.exe
[807/928] Linking C executable test_axiom_proof_theory.exe
[808/928] Linking C executable test_axiom_projective_geometry.exe
[809/928] Linking C executable test_axiom_information_theory.exe
[810/928] Linking C executable test_axiom_lattice_theory.exe
[811/928] Linking C executable test_axiom_game_theory.exe
[812/928] Linking C executable test_axiom_metric_space.exe
[813/928] Linking C executable test_axiom_descriptive_set_theory.exe
[814/928] Linking C executable test_axiom_domain_theory.exe
[815/928] Linking C executable test_axiom_linear_logic.exe
[816/928] Linking C executable test_axiom_computational_complexity_theory.exe
[817/928] Linking C executable test_hashtable.exe
[818/928] Linking C executable test_stream.exe
[819/928] Linking C executable test_registry.exe
[820/928] Linking C executable test_lifecycle.exe
[821/928] Linking C executable test_parallel_for.exe
[822/928] Linking C executable test_enum_maps.exe
[823/928] Linking C executable test_axiom_computability_theory.exe
[824/928] Linking C executable test_bytes.exe
[825/928] Linking C executable test_stream_extended.exe
[826/928] Linking C executable test_utils.exe
[827/928] Linking C executable test_json_buf.exe
[828/928] Linking C executable test_module_serialize_unify.exe
[829/928] Linking C executable test_axiom_presburger_arithmetic.exe
[830/928] Linking C executable test_func_block_utils.exe
[831/928] Linking C executable test_symbolic_coord.exe
[832/928] Linking C executable test_proof_trace.exe
[833/928] Linking C executable test_expr_canon.exe
[834/928] Linking C executable test_error_codes.exe
[835/928] Linking C executable test_func_block_preset.exe
[836/928] Linking C executable test_interop.exe
[837/928] Linking C executable test_rational.exe
[838/928] Linking C executable test_new_modules.exe
[839/928] Linking C executable test_high_dim.exe
[840/928] Linking C executable test_geo_invariant.exe
[841/928] Linking C executable test_ga_multivector.exe
[842/928] Linking C executable test_interval_arithmetic.exe
[843/928] Linking C executable test_circuit_breaker.exe
[844/928] Linking C executable test_gappa_dsl.exe
[845/928] Linking C executable test_nt_number_theory.exe
[846/928] Linking C executable test_smt_bitvector.exe
[847/928] Linking C executable test_sym_expr.exe
[848/928] Linking C executable test_proof_rule_engine.exe
[849/928] Linking C executable test_rewrite_strategy.exe
[850/928] Linking C executable test_autodiff.exe
[851/928] Linking C executable test_rewrite_strategy_impl.exe
[852/928] Linking C executable test_sparse_linear_algebra.exe
[853/928] Linking C executable test_geo_constraint_solver.exe
[854/928] Linking C executable test_wfc_modules.exe
[855/928] Linking C executable test_nt_polynomial.exe
[856/928] Linking C executable test_proof_version.exe
[857/928] Linking C executable test_prop_verifier.exe
[858/928] Linking C executable test_performance.exe
[859/928] Linking C executable test_ode_solver.exe
[860/928] Linking C executable test_geo_constraint_solver_ext.exe
[861/928] Linking C executable test_group_minimal.exe
[862/928] Linking C executable test_proof_export_enhanced.exe
[863/928] Linking C executable test_geo_halfedge_mesh.exe
[864/928] Linking C executable test_geo_predicate.exe
[865/928] Linking C executable test_memory_management.exe
[866/928] Linking C executable test_geo_topology.exe
[867/928] Linking C executable test_propagation.exe
[868/928] Linking C executable test_equiv_class.exe
[869/928] Linking C executable test_interactive_geo.exe
[870/928] Linking C executable test_geo_dynamic.exe
[871/928] Linking C executable test_geo_visual.exe
[872/928] Linking C executable test_conflict_detector.exe
[873/928] Linking C executable test_geo_aabb_tree.exe
[874/928] Linking C executable test_engine_ops.exe
[875/928] Linking C executable test_error_handling.exe
[876/928] Linking C executable test_solve_debug.exe
[877/928] Linking C executable test_trust_color.exe
[878/928] Linking C executable test_geom_transform_presets.exe
[879/928] Linking C executable test_layer5_output_ops.exe
[880/928] Linking C executable test_adaptive_threshold.exe
[881/928] Linking C executable test_engine_scheduler.exe
[882/928] Linking C executable test_lv_bootstrap.exe
[883/928] Linking C executable test_lv_lexer.exe
[884/928] Linking C executable test_lv_parser.exe
[885/928] Linking C executable test_meta_verify.exe
[886/928] Linking C executable test_lambda_unify.exe
[887/928] Linking C executable test_lambda_church.exe
[888/928] Linking C executable test_lambda_eval.exe
[889/928] Linking C executable test_axiom_synthetic_differential_geometry.exe
[890/928] Linking C executable test_axiom_second_order_arithmetic.exe
[891/928] Linking C executable test_axiom_robin_arithmetic.exe
[892/928] Linking C executable test_axiom_peano_arithmetic.exe
[893/928] Linking C executable test_axiom_probability_theory.exe
[894/928] Linking C executable test_axiom_quantum_information_theory.exe
[895/928] Linking C executable test_axiom_linear_algebra.exe
[896/928] Linking C executable test_axiom_topos_theory.exe
[897/928] Linking C executable test_axiom_order_theory.exe
[898/928] Linking C executable test_axiom_non_well_founded_set_theory.exe
[899/928] Linking C executable test_symbolic_coord_ops.exe
[900/928] Linking C executable test_axiom_measure_theory.exe
[901/928] Linking C executable test_axiom_graph_theory.exe
[902/928] Linking C executable test_geometry_core.exe
[903/928] Linking C executable test_bdd_sat_atp.exe
[904/928] Linking C executable test_layer4_misc.exe
[905/928] Linking C executable test_axiom_ergodic_theory.exe
[906/928] Linking C executable test_layer5_output.exe
[907/928] Linking C executable test_solver_submodules.exe
[908/928] Linking C executable test_axiom_galois_theory.exe
[909/928] Linking C executable test_proof_infra.exe
[910/928] Linking C executable test_layer5_core.exe
[911/928] Linking C executable test_smt_backend.exe
[912/928] Linking C executable test_output_export.exe
[913/928] Linking C executable test_proof_strategy_numeric.exe
[914/928] Linking C executable test_axiom_cartesian_closed_category.exe
[915/928] Linking C executable test_layer6_visual.exe
[916/928] Linking C executable test_callback_list.exe
[917/928] Linking C executable test_groebner_parallel.exe
[918/928] Linking C executable test_interval_arith.exe
[919/928] Linking C executable test_proof_rule_numeric.exe
[920/928] Linking C executable example_triangle.exe
[921/928] Linking C executable example_high_dim.exe
[922/928] Linking C executable example_composition.exe
[923/928] Linking C executable example_circle.exe
[924/928] Linking C executable example_streaming.exe
[925/928] Linking C executable test_proof_strategy_legacy.exe
[926/928] Linking C executable example_stream_advanced.exe
[927/928] Linking C executable example_type_system.exe
[928/928] Linking C executable example_recursion.exe
