ninja: Entering directory `build3'
[1/931] Building C object CMakeFiles/lv_layer2_resource.dir/core/src/layer2_resource/lv_numeric.c.obj
[2/931] Building C object CMakeFiles/lv_layer2_resource.dir/core/src/layer2_resource/lv_callback_list.c.obj
[3/931] Building C object CMakeFiles/lv_layer2_resource.dir/core/src/layer2_resource/lv_stream_context.c.obj
[4/931] Building C object CMakeFiles/lv_layer2_resource.dir/core/src/layer2_resource/lv_event_bus.c.obj
[5/931] Building C object CMakeFiles/lv_layer2_resource.dir/core/src/layer2_resource/allocator.c.obj
[6/931] Building C object CMakeFiles/lv_layer2_resource.dir/core/src/layer2_resource/lv_utils_str.c.obj
[7/931] Building C object CMakeFiles/lv_layer2_resource.dir/core/src/layer2_resource/lv_circuit_breaker.c.obj
[8/931] Building C object CMakeFiles/lv_layer2_resource.dir/core/src/layer2_resource/lv_utils_array.c.obj
[9/931] Building C object CMakeFiles/lv_layer2_resource.dir/core/src/layer2_resource/lv_utils.c.obj
[10/931] Building C object CMakeFiles/lv_layer2_resource.dir/core/src/layer2_resource/lv_utils_config.c.obj
[11/931] Building C object CMakeFiles/lv_layer2_resource.dir/core/src/layer2_resource/context.c.obj
[12/931] Building C object CMakeFiles/lv_layer2_resource.dir/core/src/layer2_resource/lv_json.c.obj
[13/931] Building C object CMakeFiles/lv_layer2_resource.dir/core/src/layer2_resource/lv.c.obj
In file included from C:/Users/xingg/Desktop/知识体系化Wiki/Lv-00/core/src/layer2_resource/lv.c:31:
C:/Users/xingg/Desktop/知识体系化Wiki/Lv-00/core/include/lv/runtime_monitor.h:35:9: warning: 'lv_LOG_MSG_MAX_LEN' redefined
   35 | #define lv_LOG_MSG_MAX_LEN 4096
      |         ^~~~~~~~~~~~~~~~~~
In file included from C:/Users/xingg/Desktop/知识体系化Wiki/Lv-00/core/include/lv/lv.h:174,
                 from C:/Users/xingg/Desktop/知识体系化Wiki/Lv-00/core/src/layer2_resource/lv.c:14:
C:/Users/xingg/Desktop/知识体系化Wiki/Lv-00/core/include/lv/config.h:821:9: note: this is the location of the previous definition
  821 | #define lv_LOG_MSG_MAX_LEN lv_CONFIG_LOG_MSG_MAX_LEN
      |         ^~~~~~~~~~~~~~~~~~
C:/Users/xingg/Desktop/知识体系化Wiki/Lv-00/core/include/lv/runtime_monitor.h:38:9: warning: 'lv_LOG_TAG_MAX_LEN' redefined
   38 | #define lv_LOG_TAG_MAX_LEN 64
      |         ^~~~~~~~~~~~~~~~~~
C:/Users/xingg/Desktop/知识体系化Wiki/Lv-00/core/include/lv/config.h:824:9: note: this is the location of the previous definition
  824 | #define lv_LOG_TAG_MAX_LEN lv_CONFIG_LOG_TAG_MAX_LEN
      |         ^~~~~~~~~~~~~~~~~~
C:/Users/xingg/Desktop/知识体系化Wiki/Lv-00/core/include/lv/runtime_monitor.h:41:9: warning: 'lv_METRIC_NAME_MAX_LEN' redefined
   41 | #define lv_METRIC_NAME_MAX_LEN 128
      |         ^~~~~~~~~~~~~~~~~~~~~~
C:/Users/xingg/Desktop/知识体系化Wiki/Lv-00/core/include/lv/config.h:827:9: note: this is the location of the previous definition
  827 | #define lv_METRIC_NAME_MAX_LEN lv_CONFIG_METRIC_NAME_MAX_LEN
      |         ^~~~~~~~~~~~~~~~~~~~~~
C:/Users/xingg/Desktop/知识体系化Wiki/Lv-00/core/include/lv/runtime_monitor.h:204:9: warning: 'lv_LOG_FATAL' redefined
  204 | #define lv_LOG_FATAL(tag, fmt, ...) lv_log_write(LOG_LEVEL_FATAL, tag, __FILE__, __LINE__, __func__, fmt, ##__VA_ARGS__)
      |         ^~~~~~~~~~~~
In file included from C:/Users/xingg/Desktop/知识体系化Wiki/Lv-00/core/src/layer2_resource/lv.c:15:
C:/Users/xingg/Desktop/知识体系化Wiki/Lv-00/core/include/lv/lv_log.h:39:9: note: this is the location of the previous definition
   39 | #define lv_LOG_FATAL LOG_LEVEL_FATAL
      |         ^~~~~~~~~~~~
[14/931] Building C object CMakeFiles/lv_layer2_resource.dir/core/src/layer2_resource/lv_utils_misc.c.obj
[15/931] Building C object CMakeFiles/lv_layer2_resource.dir/core/src/layer2_resource/lv_config.c.obj
[16/931] Building C object CMakeFiles/lv_layer2_resource.dir/core/src/layer2_resource/error_codes.c.obj
[17/931] Building C object CMakeFiles/lv_layer2_resource.dir/core/src/layer2_resource/debug.c.obj
[18/931] Building C object CMakeFiles/lv_layer2_resource.dir/core/src/layer2_resource/lv_mempool.c.obj
[19/931] Building C object CMakeFiles/lv_layer2_resource.dir/core/src/layer2_resource/lv_error.c.obj
[20/931] Building C object CMakeFiles/lv_layer2_resource.dir/core/src/layer2_resource/debug_state.c.obj
[21/931] Building C object CMakeFiles/lv_layer2_resource.dir/core/src/layer2_resource/debug_refcount.c.obj
[22/931] Building C object CMakeFiles/lv_layer2_resource.dir/core/src/layer2_resource/debug_emergency.c.obj
[23/931] Building C object CMakeFiles/lv_layer2_resource.dir/core/src/layer2_resource/debug_mempool.c.obj
[24/931] Building C object CMakeFiles/lv_layer2_resource.dir/core/src/layer2_resource/debug_invariants.c.obj
[25/931] Building C object CMakeFiles/lv_layer2_resource.dir/core/src/layer2_resource/debug_trace_session.c.obj
[26/931] Building C object CMakeFiles/lv_layer2_resource.dir/core/src/layer2_resource/lv_mempool_utils.c.obj
[27/931] Building C object CMakeFiles/lv_layer2_resource.dir/core/src/layer2_resource/debug_ringbuf.c.obj
[28/931] Building C object CMakeFiles/lv_layer2_resource.dir/core/src/layer2_resource/debug_normalize_assert.c.obj
[29/931] Building C object CMakeFiles/lv_layer2_resource.dir/core/src/layer2_resource/node_deep_copy.c.obj
[30/931] Building C object CMakeFiles/lv_layer2_resource.dir/core/src/layer2_resource/debug_log_ctx.c.obj
[31/931] Building C object CMakeFiles/lv_layer2_resource.dir/core/src/layer2_resource/lv_heap.c.obj
[32/931] Building C object CMakeFiles/lv_layer2_resource.dir/core/src/layer2_resource/math_theory_guide_cn.c.obj
[33/931] Building C object CMakeFiles/lv_layer2_resource.dir/core/src/layer2_resource/memory_pool.c.obj
[34/931] Building C object CMakeFiles/lv_layer2_resource.dir/core/src/layer2_resource/result_messages_cn.c.obj
[35/931] Building C object CMakeFiles/lv_layer2_resource.dir/core/src/layer2_resource/debug_trace.c.obj
[36/931] Building C object CMakeFiles/lv_layer2_resource.dir/core/src/layer2_resource/global_state.c.obj
[37/931] Building C object CMakeFiles/lv_layer2_resource.dir/core/src/layer2_resource/geometry_config.c.obj
[38/931] Building C object CMakeFiles/lv_layer2_resource.dir/core/src/layer2_resource/lv_path.c.obj
[39/931] Building C object CMakeFiles/lv_layer2_resource.dir/core/src/layer2_resource/test_framework.c.obj
C:/Users/xingg/Desktop/知识体系化Wiki/Lv-00/core/src/layer2_resource/test_framework.c: In function 'lv_test_report_to_xml':
C:/Users/xingg/Desktop/知识体系化Wiki/Lv-00/core/src/layer2_resource/test_framework.c:911:63: warning: the comparison will always evaluate as 'true' for the address of 'name' will never be NULL [-Waddress]
  911 |         lv_str_escape_xml(&esc_name, suite->name, suite->name ? strlen(suite->name) : 0);
      |                                                               ^
In file included from C:/Users/xingg/Desktop/知识体系化Wiki/Lv-00/core/src/layer2_resource/test_framework.c:15:
C:/Users/xingg/Desktop/知识体系化Wiki/Lv-00/core/include/lv/test_framework.h:89:10: note: 'name' declared here
   89 |     char name[lv_TEST_NAME_MAX_LEN];
      |          ^~~~
C:/Users/xingg/Desktop/知识体系化Wiki/Lv-00/core/src/layer2_resource/test_framework.c:920:66: warning: the comparison will always evaluate as 'true' for the address of 'name' will never be NULL [-Waddress]
  920 |             lv_str_escape_xml(&esc_tname, test->name, test->name ? strlen(test->name) : 0);
      |                                                                  ^
C:/Users/xingg/Desktop/知识体系化Wiki/Lv-00/core/include/lv/test_framework.h:71:10: note: 'name' declared here
   71 |     char name[lv_TEST_NAME_MAX_LEN];
      |          ^~~~
C:/Users/xingg/Desktop/知识体系化Wiki/Lv-00/core/src/layer2_resource/test_framework.c:928:74: warning: the comparison will always evaluate as 'true' for the address of 'message' will never be NULL [-Waddress]
  928 |                 lv_str_escape_xml(&esc_msg, test->message, test->message ? strlen(test->message) : 0);
      |                                                                          ^
C:/Users/xingg/Desktop/知识体系化Wiki/Lv-00/core/include/lv/test_framework.h:79:10: note: 'message' declared here
   79 |     char message[lv_TEST_MSG_MAX_LEN];
      |          ^~~~~~~
C:/Users/xingg/Desktop/知识体系化Wiki/Lv-00/core/src/layer2_resource/test_framework.c: In function 'lv_test_report_to_html':
C:/Users/xingg/Desktop/知识体系化Wiki/Lv-00/core/src/layer2_resource/test_framework.c:982:43: warning: the comparison will always evaluate as 'true' for the address of 'name' will never be NULL [-Waddress]
  982 |             size_t esc_slen = suite->name ? strlen(suite->name) : 0;
      |                                           ^
C:/Users/xingg/Desktop/知识体系化Wiki/Lv-00/core/include/lv/test_framework.h:89:10: note: 'name' declared here
   89 |     char name[lv_TEST_NAME_MAX_LEN];
      |          ^~~~
C:/Users/xingg/Desktop/知识体系化Wiki/Lv-00/core/src/layer2_resource/test_framework.c:985:42: warning: the comparison will always evaluate as 'true' for the address of 'name' will never be NULL [-Waddress]
  985 |             size_t esc_tlen = test->name ? strlen(test->name) : 0;
      |                                          ^
C:/Users/xingg/Desktop/知识体系化Wiki/Lv-00/core/include/lv/test_framework.h:71:10: note: 'name' declared here
   71 |     char name[lv_TEST_NAME_MAX_LEN];
      |          ^~~~
C:/Users/xingg/Desktop/知识体系化Wiki/Lv-00/core/src/layer2_resource/test_framework.c:995:67: warning: the comparison will always evaluate as 'true' for the address of 'name' will never be NULL [-Waddress]
  995 |                              esc_suite ? esc_suite : (suite->name ? suite->name : ""),
      |                                                                   ^
C:/Users/xingg/Desktop/知识体系化Wiki/Lv-00/core/include/lv/test_framework.h:89:10: note: 'name' declared here
   89 |     char name[lv_TEST_NAME_MAX_LEN];
      |          ^~~~
C:/Users/xingg/Desktop/知识体系化Wiki/Lv-00/core/src/layer2_resource/test_framework.c:996:64: warning: the comparison will always evaluate as 'true' for the address of 'name' will never be NULL [-Waddress]
  996 |                              esc_test ? esc_test : (test->name ? test->name : ""), status_class, status_text,
      |                                                                ^
C:/Users/xingg/Desktop/知识体系化Wiki/Lv-00/core/include/lv/test_framework.h:71:10: note: 'name' declared here
   71 |     char name[lv_TEST_NAME_MAX_LEN];
      |          ^~~~
[40/931] Building C object CMakeFiles/lv_layer2_resource.dir/core/src/layer2_resource/preset_helper_cn.c.obj
[41/931] Building C object CMakeFiles/lv_layer2_resource.dir/core/src/layer2_resource/runtime_monitor.c.obj
[42/931] Building C object CMakeFiles/lv_layer2_resource.dir/core/src/layer2_resource/error_messages_cn.c.obj
[43/931] Building C object CMakeFiles/lv_layer2_resource.dir/core/src/layer2_resource/proof_score.c.obj
[44/931] Building C object CMakeFiles/lv_layer2_resource.dir/core/src/layer2_resource/lv_hash.c.obj
[45/931] Building C object CMakeFiles/lv_layer2_resource.dir/core/src/layer2_resource/sha256.c.obj
[46/931] Building C object CMakeFiles/lv_layer2_resource.dir/core/src/layer2_resource/fast_index.c.obj
[47/931] Building C object CMakeFiles/lv_layer2_resource.dir/core/src/layer2_resource/proof_priority.c.obj
[48/931] Building C object CMakeFiles/lv_layer2_resource.dir/core/src/layer2_resource/lv_hashtable.c.obj
[49/931] Building C object CMakeFiles/lv_layer2_resource.dir/core/src/layer2_resource/status_codes.c.obj
[50/931] Building C object CMakeFiles/lv_layer2_resource.dir/core/src/layer2_resource/lv_ringbuf.c.obj
[51/931] Building C object CMakeFiles/lv_layer2_resource.dir/core/src/layer2_resource/runtime_guard.c.obj
[52/931] Building C object CMakeFiles/lv_layer2_resource.dir/core/src/layer2_resource/lv_dot_writer.c.obj
[53/931] Building C object CMakeFiles/lv_layer2_resource.dir/core/src/layer2_resource/lv_strbuf.c.obj
[54/931] Building C object CMakeFiles/lv_layer2_resource.dir/core/src/layer2_resource/lv_export_common.c.obj
[55/931] Building C object CMakeFiles/lv_layer2_resource.dir/core/src/layer2_resource/performance_profiler.c.obj
[56/931] Building C object CMakeFiles/lv_layer2_resource.dir/core/src/layer2_resource/lv_str_utils.c.obj
[57/931] Building C object CMakeFiles/lv_layer2_resource.dir/core/src/layer2_resource/representation_converter.c.obj
[58/931] Building C object CMakeFiles/lv_layer2_resource.dir/core/src/layer2_resource/lv_bytes.c.obj
[59/931] Building C object CMakeFiles/lv_layer2_resource.dir/core/src/layer2_resource/adaptive_threshold.c.obj
[60/931] Building C object CMakeFiles/lv_layer2_resource.dir/core/src/layer2_resource/lv_log.c.obj
[61/931] Building C object CMakeFiles/lv_layer2_resource.dir/core/src/layer2_resource/lv_lifecycle.c.obj
[62/931] Building C object CMakeFiles/lv_layer2_resource.dir/core/src/layer2_resource/thread_pool.c.obj
[63/931] Building C object CMakeFiles/lv_layer2_resource.dir/core/src/layer2_resource/meta_repr.c.obj
[64/931] Building C object CMakeFiles/lv_layer2_resource.dir/core/src/layer2_resource/lv_file.c.obj
[65/931] Building C object CMakeFiles/lv_layer2_resource.dir/core/src/layer2_resource/lv_process.c.obj
[66/931] Building C object CMakeFiles/lv_layer2_resource.dir/core/src/layer2_resource/simd_ops.c.obj
[67/931] Building C object CMakeFiles/lv_layer2_resource.dir/core/src/layer2_resource/lv_serialize_adapters.c.obj
[68/931] Building C object CMakeFiles/lv_layer2_resource.dir/core/src/layer2_resource/lv_registry.c.obj
[69/931] Building C object CMakeFiles/lv_layer2_resource.dir/core/src/layer2_resource/lv_backend_plugin.c.obj
[70/931] Building C object CMakeFiles/lv_layer2_resource.dir/core/src/layer2_resource/lv_arena.c.obj
[71/931] Building C object CMakeFiles/lv_layer2_resource.dir/core/src/layer2_resource/lv_storage.c.obj
[72/931] Building C object CMakeFiles/lv_core.dir/core/src/lv_impl_upper_geom.c.obj
[73/931] Building C object CMakeFiles/lv_core.dir/core/src/lv_impl_upper_algebra.c.obj
[74/931] Building C object CMakeFiles/lv_core.dir/core/src/lv_impl_upper_visual.c.obj
[75/931] Building C object CMakeFiles/lv_core.dir/core/src/lv_impl_upper.c.obj
[76/931] Building C object CMakeFiles/lv_core.dir/core/src/lv_impl_upper_utils.c.obj
[77/931] Building C object CMakeFiles/lv_core.dir/core/src/lv_impl_upper_meta.c.obj
[78/931] Building C object CMakeFiles/lv_core.dir/core/src/lv_impl_upper_preset.c.obj
[79/931] Building C object CMakeFiles/lv_core.dir/core/src/lv_impl_upper_interop.c.obj
[80/931] Building C object CMakeFiles/lv_core.dir/core/src/core/lv_convenience.c.obj
[81/931] Building C object CMakeFiles/lv_core.dir/core/src/lv_impl_upper_app.c.obj
[82/931] Building C object CMakeFiles/lv_layer1_parser.dir/core/src/layer1_parser/formula_parser.c.obj
[83/931] Building C object CMakeFiles/lv_core.dir/core/src/lv_impl_native.c.obj
[84/931] Building C object CMakeFiles/lv_core.dir/core/src/lv_impl_upper_orchestrator.c.obj
C:/Users/xingg/Desktop/知识体系化Wiki/Lv-00/core/src/lv_impl_upper_orchestrator.c: In function 'lv_orchestrator_run':
C:/Users/xingg/Desktop/知识体系化Wiki/Lv-00/core/src/lv_impl_upper_orchestrator.c:445:18: warning: implicit conversion from 'enum <anonymous>' to 'lvSessionStage' [-Wenum-conversion]
  445 |     in->last_run = lv_STAGE_PENDING;
      |                  ^
C:/Users/xingg/Desktop/知识体系化Wiki/Lv-00/core/src/lv_impl_upper_orchestrator.c: In function 'run_stage_geometry':
C:/Users/xingg/Desktop/知识体系化Wiki/Lv-00/core/src/lv_impl_upper_orchestrator.c:173:11: warning: potential null pointer dereference [-Wnull-dereference]
  173 |     if (in->graph) {
      |         ~~^~~~~~~
C:/Users/xingg/Desktop/知识体系化Wiki/Lv-00/core/src/lv_impl_upper_orchestrator.c: In function 'run_stage_parse':
C:/Users/xingg/Desktop/知识体系化Wiki/Lv-00/core/src/lv_impl_upper_orchestrator.c:119:11: warning: potential null pointer dereference [-Wnull-dereference]
  119 |     if (in->tokens) {
      |         ~~^~~~~~~~
C:/Users/xingg/Desktop/知识体系化Wiki/Lv-00/core/src/lv_impl_upper_orchestrator.c:114:19: warning: null pointer dereference [-Wnull-dereference]
  114 |     if (!in->input[0]) {
      |          ~~~~~~~~~^~~
C:/Users/xingg/Desktop/知识体系化Wiki/Lv-00/core/src/lv_impl_upper_orchestrator.c: In function 'run_stage_output':
C:/Users/xingg/Desktop/知识体系化Wiki/Lv-00/core/src/lv_impl_upper_orchestrator.c:247:12: warning: null pointer dereference [-Wnull-dereference]
  247 |     if (!in->graph) {
      |          ~~^~~~~~~
C:/Users/xingg/Desktop/知识体系化Wiki/Lv-00/core/src/lv_impl_upper_orchestrator.c: In function 'run_stage_reasoning':
C:/Users/xingg/Desktop/知识体系化Wiki/Lv-00/core/src/lv_impl_upper_orchestrator.c:206:12: warning: null pointer dereference [-Wnull-dereference]
  206 |     if (!in->graph || graph_get_node_count(in->graph) < 1) {
      |          ~~^~~~~~~
C:/Users/xingg/Desktop/知识体系化Wiki/Lv-00/core/src/lv_impl_upper_orchestrator.c: In function 'run_stage_resource':
C:/Users/xingg/Desktop/知识体系化Wiki/Lv-00/core/src/lv_impl_upper_orchestrator.c:153:12: warning: potential null pointer dereference [-Wnull-dereference]
  153 |     if (!in->ctx) {
      |          ~~^~~~~
[85/931] Building C object CMakeFiles/lv_layer1_parser.dir/core/src/layer1_parser/formula_converter_complex.c.obj
[86/931] Building C object CMakeFiles/lv_layer1_parser.dir/core/src/layer1_parser/formula_converter.c.obj
[87/931] Building C object CMakeFiles/lv_layer1_parser.dir/core/src/layer1_parser/formula_converter_geom.c.obj
[88/931] Building C object CMakeFiles/lv_layer1_parser.dir/core/src/layer1_parser/formula_converter_util.c.obj
[89/931] Building C object CMakeFiles/lv_layer1_parser.dir/core/src/layer1_parser/formula_converter_stmt.c.obj
[90/931] Building C object CMakeFiles/lv_layer1_parser.dir/core/src/layer1_parser/formula_eval.c.obj
[91/931] Building C object CMakeFiles/lv_layer1_parser.dir/core/src/layer1_parser/formula_converter_export.c.obj
[92/931] Building C object CMakeFiles/lv_layer1_parser.dir/core/src/layer1_parser/formula_renderer.c.obj
[93/931] Building C object CMakeFiles/lv_layer1_parser.dir/core/src/layer1_parser/formula_converter_constraint.c.obj
[94/931] Building C object CMakeFiles/lv_layer1_parser.dir/core/src/layer1_parser/formula_string.c.obj
[95/931] Building C object CMakeFiles/lv_layer1_parser.dir/core/src/layer1_parser/formula_curve.c.obj
[96/931] Building C object CMakeFiles/lv_core.dir/core/src/impl_preset_transformations.c.obj
[97/931] Building C object CMakeFiles/lv_layer1_parser.dir/core/src/layer1_parser/parser_safety.c.obj
[98/931] Building C object CMakeFiles/lv_layer1_parser.dir/core/src/layer1_parser/formula_renderer_internal.c.obj
[99/931] Building C object CMakeFiles/lv_layer1_parser.dir/core/src/layer1_parser/formula_renderer_mathml.c.obj
[100/931] Building C object CMakeFiles/lv_layer1_parser.dir/core/src/layer1_parser/formula_renderer_latex.c.obj
[101/931] Building C object CMakeFiles/lv_layer1_parser.dir/core/src/layer1_parser/formula_renderer_python.c.obj
[102/931] Building C object CMakeFiles/lv_layer1_parser.dir/core/src/layer1_parser/formula_renderer_dsl.c.obj
[103/931] Building C object CMakeFiles/lv_layer1_parser.dir/core/src/layer1_parser/formula_renderer_ascii.c.obj
[104/931] Building C object CMakeFiles/lv_layer1_parser.dir/core/src/layer1_parser/lexer_shared.c.obj
[105/931] Building C object CMakeFiles/lv_layer1_parser.dir/core/src/layer1_parser/formula_renderer_html.c.obj
[106/931] Building C object CMakeFiles/lv_layer1_parser.dir/core/src/layer1_parser/dsl_compiler.c.obj
[107/931] Building C object CMakeFiles/lv_layer1_parser.dir/core/src/layer1_parser/dsl_compiler_parse.c.obj
[108/931] Building C object CMakeFiles/lv_layer1_parser.dir/core/src/layer1_parser/dsl_lexer.c.obj
[109/931] Building C object CMakeFiles/lv_layer1_parser.dir/core/src/layer1_parser/dsl_compiler_ir.c.obj
[110/931] Building C object CMakeFiles/lv_layer1_parser.dir/core/src/layer1_parser/math_input.c.obj
[111/931] Building C object CMakeFiles/lv_layer1_parser.dir/core/src/layer1_parser/dsl_compiler_load.c.obj
[112/931] Building C object CMakeFiles/lv_layer1_parser.dir/core/src/layer1_parser/parser/formula_latex.c.obj
[113/931] Building C object CMakeFiles/lv_layer1_parser.dir/core/src/layer1_parser/parser/formula_dsl.c.obj
[114/931] Building C object CMakeFiles/lv_layer1_parser.dir/core/src/layer1_parser/parser/formula_python.c.obj
[115/931] Building C object CMakeFiles/lv_layer1_parser.dir/core/src/layer1_parser/parser/formula_ast.c.obj
[116/931] Building C object CMakeFiles/lv_layer1_parser.dir/core/src/layer1_parser/lv_lexer.c.obj
[117/931] Building C object CMakeFiles/lv_layer3_geometry.dir/core/src/layer3_geometry/constraint_graph.c.obj
[118/931] Building C object CMakeFiles/lv_layer1_parser.dir/core/src/layer1_parser/lv_ast.c.obj
[119/931] Building C object CMakeFiles/lv_layer1_parser.dir/core/src/layer1_parser/lv_parser.c.obj
[120/931] Building C object CMakeFiles/lv_layer1_parser.dir/core/src/layer1_parser/lv_sema.c.obj
[121/931] Building C object CMakeFiles/lv_layer3_geometry.dir/core/src/layer3_geometry/symbolic_coord.c.obj
[122/931] Building C object CMakeFiles/lv_layer1_parser.dir/core/src/layer1_parser/lv_loader.c.obj
[123/931] Building C object CMakeFiles/lv_layer3_geometry.dir/core/src/layer3_geometry/high_dim.c.obj
[124/931] Building C object CMakeFiles/lv_layer3_geometry.dir/core/src/layer3_geometry/euclidean_geometry.c.obj
[125/931] Building C object CMakeFiles/lv_layer3_geometry.dir/core/src/layer3_geometry/high_dim_preset.c.obj
[126/931] Building C object CMakeFiles/lv_layer3_geometry.dir/core/src/layer3_geometry/interactive_geo.c.obj
[127/931] Building C object CMakeFiles/lv_layer3_geometry.dir/core/src/layer3_geometry/high_dim_core.c.obj
[128/931] Building C object CMakeFiles/lv_layer3_geometry.dir/core/src/layer3_geometry/high_dim_project.c.obj
[129/931] Building C object CMakeFiles/lv_layer3_geometry.dir/core/src/layer3_geometry/high_dim_fidelity.c.obj
[130/931] Building C object CMakeFiles/lv_layer3_geometry.dir/core/src/layer3_geometry/high_dim_zoom.c.obj
[131/931] Building C object CMakeFiles/lv_layer3_geometry.dir/core/src/layer3_geometry/high_dim_serialize.c.obj
[132/931] Building C object CMakeFiles/lv_layer3_geometry.dir/core/src/layer3_geometry/high_dim_view.c.obj
[133/931] Building C object CMakeFiles/lv_layer3_geometry.dir/core/src/layer3_geometry/high_dim_utils.c.obj
[134/931] Building C object CMakeFiles/lv_layer3_geometry.dir/core/src/layer3_geometry/geometry_compress.c.obj
[135/931] Building C object CMakeFiles/lv_layer3_geometry.dir/core/src/layer3_geometry/geometry_compress_triangle.c.obj
[136/931] Building C object CMakeFiles/lv_layer3_geometry.dir/core/src/layer3_geometry/geometry_compress_predict.c.obj
[137/931] Building C object CMakeFiles/lv_layer3_geometry.dir/core/src/layer3_geometry/geometry_compress_coords.c.obj
[138/931] Building C object CMakeFiles/lv_layer3_geometry.dir/core/src/layer3_geometry/geometry_compress_bitio.c.obj
[139/931] Building C object CMakeFiles/lv_layer3_geometry.dir/core/src/layer3_geometry/geometry_compress_rle.c.obj
[140/931] Building C object CMakeFiles/lv_layer3_geometry.dir/core/src/layer3_geometry/geometry_compress_edgebreaker.c.obj
[141/931] Building C object CMakeFiles/lv_layer3_geometry.dir/core/src/layer3_geometry/geometry_compress_huffman.c.obj
[142/931] Building C object CMakeFiles/lv_layer3_geometry.dir/core/src/layer3_geometry/geometry_compress_entropy.c.obj
[143/931] Building C object CMakeFiles/lv_layer3_geometry.dir/core/src/layer3_geometry/geometry_compress_main.c.obj
[144/931] Building C object CMakeFiles/lv_layer3_geometry.dir/core/src/layer3_geometry/geometry_compress_decompress.c.obj
[145/931] Building C object CMakeFiles/lv_layer3_geometry.dir/core/src/layer3_geometry/geometry_compress_io.c.obj
[146/931] Building C object CMakeFiles/lv_layer3_geometry.dir/core/src/layer3_geometry/geo_spec.c.obj
[147/931] Building C object CMakeFiles/lv_layer3_geometry.dir/core/src/layer3_geometry/geometry_csg.c.obj
[148/931] Building C object CMakeFiles/lv_layer3_geometry.dir/core/src/layer3_geometry/geometry_csg_node.c.obj
[149/931] Building C object CMakeFiles/lv_layer3_geometry.dir/core/src/layer3_geometry/geo_event_detect.c.obj
[150/931] Building C object CMakeFiles/lv_layer3_geometry.dir/core/src/layer3_geometry/geometry_csg_bbox.c.obj
[151/931] Building C object CMakeFiles/lv_layer3_geometry.dir/core/src/layer3_geometry/geometry_csg_primitive.c.obj
[152/931] Building C object CMakeFiles/lv_layer3_geometry.dir/core/src/layer3_geometry/geometry_csg_mesh.c.obj
[153/931] Building C object CMakeFiles/lv_layer3_geometry.dir/core/src/layer3_geometry/geometry_csg_hull.c.obj
[154/931] Building C object CMakeFiles/lv_layer3_geometry.dir/core/src/layer3_geometry/geometry_csg_bsp.c.obj
[155/931] Building C object CMakeFiles/lv_layer3_geometry.dir/core/src/layer3_geometry/geometry_csg_export.c.obj
[156/931] Building C object CMakeFiles/lv_layer3_geometry.dir/core/src/layer3_geometry/geometry_csg_eval.c.obj
[157/931] Building C object CMakeFiles/lv_layer3_geometry.dir/core/src/layer3_geometry/geom_evol.c.obj
[158/931] Building C object CMakeFiles/lv_layer3_geometry.dir/core/src/layer3_geometry/float_error.c.obj
[159/931] Building C object CMakeFiles/lv_layer3_geometry.dir/core/src/layer3_geometry/ga_interface.c.obj
[160/931] Building C object CMakeFiles/lv_layer3_geometry.dir/core/src/layer3_geometry/mpz_poly_resultant.c.obj
[161/931] Building C object CMakeFiles/lv_layer3_geometry.dir/core/src/layer3_geometry/geo_invariant_type.c.obj
[162/931] Building C object CMakeFiles/lv_layer3_geometry.dir/core/src/layer3_geometry/ga_multivector.c.obj
[163/931] Building C object CMakeFiles/lv_layer3_geometry.dir/core/src/layer3_geometry/geometry_transform.c.obj
[164/931] Building C object CMakeFiles/lv_layer3_geometry.dir/core/src/layer3_geometry/ga_codegen.c.obj
[165/931] Building C object CMakeFiles/lv_layer3_geometry.dir/core/src/layer3_geometry/interval_arith.c.obj
[166/931] Building C object CMakeFiles/lv_layer3_geometry.dir/core/src/layer3_geometry/fptaylor_eval.c.obj
[167/931] Building C object CMakeFiles/lv_layer3_geometry.dir/core/src/layer3_geometry/herbie_eval.c.obj
[168/931] Building C object CMakeFiles/lv_layer3_geometry.dir/core/src/layer3_geometry/gappa_dsl.c.obj
[169/931] Building C object CMakeFiles/lv_layer3_geometry.dir/core/src/layer3_geometry/geo_topology.c.obj
[170/931] Building C object CMakeFiles/lv_layer3_geometry.dir/core/src/layer3_geometry/gappa_propagate.c.obj
[171/931] Building C object CMakeFiles/lv_layer3_geometry.dir/core/src/layer3_geometry/algebraic_number.c.obj
[172/931] Building C object CMakeFiles/lv_layer3_geometry.dir/core/src/layer3_geometry/equiv_class.c.obj
[173/931] Building C object CMakeFiles/lv_layer3_geometry.dir/core/src/layer3_geometry/algebraic_number_util.c.obj
[174/931] Building C object CMakeFiles/lv_layer3_geometry.dir/core/src/layer3_geometry/propagation.c.obj
[175/931] Building C object CMakeFiles/lv_layer3_geometry.dir/core/src/layer3_geometry/algebraic_number_poly.c.obj
[176/931] Building C object CMakeFiles/lv_layer3_geometry.dir/core/src/layer3_geometry/algebraic_number_rational.c.obj
[177/931] Building C object CMakeFiles/lv_layer3_geometry.dir/core/src/layer3_geometry/algebraic_number_quadratic.c.obj
[178/931] Building C object CMakeFiles/lv_layer3_geometry.dir/core/src/layer3_geometry/algebraic_number_interval.c.obj
[179/931] Building C object CMakeFiles/lv_layer3_geometry.dir/core/src/layer3_geometry/geo_constraint_solver.c.obj
[180/931] Building C object CMakeFiles/lv_layer3_geometry.dir/core/src/layer3_geometry/algebraic_number_io.c.obj
[181/931] Building C object CMakeFiles/lv_layer3_geometry.dir/core/src/layer3_geometry/geo_constraint_solver_hash.c.obj
[182/931] Building C object CMakeFiles/lv_layer3_geometry.dir/core/src/layer3_geometry/geo_constraint_solver_system.c.obj
[183/931] Building C object CMakeFiles/lv_layer3_geometry.dir/core/src/layer3_geometry/aabb_box.c.obj
[184/931] Building C object CMakeFiles/lv_layer3_geometry.dir/core/src/layer3_geometry/geo_constraint_solver_dof.c.obj
[185/931] Building C object CMakeFiles/lv_layer3_geometry.dir/core/src/layer3_geometry/geo_halfedge_mesh.c.obj
[186/931] Building C object CMakeFiles/lv_layer3_geometry.dir/core/src/layer3_geometry/geo_constraint_solver_linear.c.obj
[187/931] Building C object CMakeFiles/lv_layer3_geometry.dir/core/src/layer3_geometry/geo_constraint_solver_residual.c.obj
[188/931] Building C object CMakeFiles/lv_layer3_geometry.dir/core/src/layer3_geometry/geo_utils.c.obj
[189/931] Building C object CMakeFiles/lv_layer3_geometry.dir/core/src/layer3_geometry/geo_constraint_solver_newton.c.obj
[190/931] Building C object CMakeFiles/lv_layer3_geometry.dir/core/src/layer3_geometry/geo_constraint_solver_fast.c.obj
[191/931] Building C object CMakeFiles/lv_layer3_geometry.dir/core/src/layer3_geometry/geo_aabb_tree.c.obj
[192/931] Building C object CMakeFiles/lv_layer3_geometry.dir/core/src/layer3_geometry/aabb_common.c.obj
[193/931] Building C object CMakeFiles/lv_layer3_geometry.dir/core/src/layer3_geometry/geo_dynamic.c.obj
[194/931] Building C object CMakeFiles/lv_layer3_geometry.dir/core/src/layer3_geometry/aabb_tree_2d.c.obj
[195/931] Building C object CMakeFiles/lv_layer3_geometry.dir/core/src/layer3_geometry/parametric_curves.c.obj
[196/931] Building C object CMakeFiles/lv_layer3_geometry.dir/core/src/layer3_geometry/geometric_primitives.c.obj
[197/931] Building C object CMakeFiles/lv_layer3_geometry.dir/core/src/layer3_geometry/geo_predicate.c.obj
[198/931] Building C object CMakeFiles/lv_layer3_geometry.dir/core/src/layer3_geometry/aabb_tree_3d.c.obj
[199/931] Building C object CMakeFiles/lv_layer3_geometry.dir/core/src/layer3_geometry/path_type.c.obj
[200/931] Building C object CMakeFiles/lv_layer3_geometry.dir/core/src/layer3_geometry/lv_reasoning_stack.c.obj
[201/931] Building C object CMakeFiles/lv_layer3_geometry.dir/core/src/layer3_geometry/constraint_graph/graph_node.c.obj
[202/931] Building C object CMakeFiles/lv_layer3_geometry.dir/core/src/layer3_geometry/constraint_graph/graph_conflict.c.obj
[203/931] Building C object CMakeFiles/lv_layer3_geometry.dir/core/src/layer3_geometry/constraint_graph/graph_memory.c.obj
[204/931] Building C object CMakeFiles/lv_layer3_geometry.dir/core/src/layer3_geometry/constraint_graph/graph_index.c.obj
[205/931] Building C object CMakeFiles/lv_layer3_geometry.dir/core/src/layer3_geometry/constraint_graph/graph_node_hash.c.obj
[206/931] Building C object CMakeFiles/lv_layer3_geometry.dir/core/src/layer3_geometry/constraint_graph/graph_node_stub.c.obj
[207/931] Building C object CMakeFiles/lv_layer3_geometry.dir/core/src/layer3_geometry/constraint_graph/graph_node_alloc.c.obj
[208/931] Building C object CMakeFiles/lv_layer3_geometry.dir/core/src/layer3_geometry/constraint_graph/graph_rank.c.obj
[209/931] Building C object CMakeFiles/lv_layer3_geometry.dir/core/src/layer3_geometry/constraint_graph/graph_node_conflict.c.obj
[210/931] Building C object CMakeFiles/lv_layer3_geometry.dir/core/src/layer3_geometry/constraint_graph/graph_dot_export.c.obj
[211/931] Building C object CMakeFiles/lv_layer3_geometry.dir/core/src/layer3_geometry/constraint_graph/graph_serialize.c.obj
[212/931] Building C object CMakeFiles/lv_layer3_geometry.dir/core/src/layer3_geometry/symbolics/algebraic.c.obj
[213/931] Building C object CMakeFiles/lv_layer3_geometry.dir/core/src/layer3_geometry/constraint_graph/lv_graph_traversal.c.obj
[214/931] Building C object CMakeFiles/lv_layer3_geometry.dir/core/src/layer3_geometry/symbolics/quadratic.c.obj
[215/931] Building C object CMakeFiles/lv_layer3_geometry.dir/core/src/layer3_geometry/symbolics/rational.c.obj
[216/931] Building C object CMakeFiles/lv_layer3_geometry.dir/core/src/layer3_geometry/symbolics/symbolic_coord_lifecycle.c.obj
[217/931] Building C object CMakeFiles/lv_layer3_geometry.dir/core/src/layer3_geometry/symbolics/symbolic_coord_compare.c.obj
[218/931] Building C object CMakeFiles/lv_layer3_geometry.dir/core/src/layer3_geometry/symbolics/transcendental.c.obj
[219/931] Building C object CMakeFiles/lv_layer3_geometry.dir/core/src/layer3_geometry/symbolics/symbolic_coord_trust.c.obj
[220/931] Building C object CMakeFiles/lv_layer3_geometry.dir/core/src/layer3_geometry/symbolics/symbolic_coord_transform.c.obj
[221/931] Building C object CMakeFiles/lv_layer3_geometry.dir/core/src/layer3_geometry/symbolics/symbolic_coord_ops.c.obj
[222/931] Building C object CMakeFiles/lv_layer3_geometry.dir/core/src/layer3_geometry/sparse_linear_algebra.c.obj
[223/931] Building C object CMakeFiles/lv_layer3_geometry.dir/core/src/layer3_geometry/symbolics/lv_number.c.obj
[224/931] Building C object CMakeFiles/lv_layer4_reasoning.dir/core/src/layer4_reasoning/engine/engine.c.obj
[225/931] Building C object CMakeFiles/lv_layer4_reasoning.dir/core/src/layer4_reasoning/engine/engine_error.c.obj
[226/931] Building C object CMakeFiles/lv_layer4_reasoning.dir/core/src/layer4_reasoning/engine/engine_circuit.c.obj
[227/931] Building C object CMakeFiles/lv_layer4_reasoning.dir/core/src/layer4_reasoning/engine/engine_frozen.c.obj
[228/931] Building C object CMakeFiles/lv_layer4_reasoning.dir/core/src/layer4_reasoning/engine/engine_function.c.obj
[229/931] Building C object CMakeFiles/lv_layer4_reasoning.dir/core/src/layer4_reasoning/engine/engine_lifecycle.c.obj
[230/931] Building C object CMakeFiles/lv_layer4_reasoning.dir/core/src/layer4_reasoning/engine/engine_resource.c.obj
[231/931] Building C object CMakeFiles/lv_layer4_reasoning.dir/core/src/layer4_reasoning/solver.c.obj
[232/931] Building C object CMakeFiles/lv_layer4_reasoning.dir/core/src/layer4_reasoning/engine/engine_stream.c.obj
[233/931] Building C object CMakeFiles/lv_layer4_reasoning.dir/core/src/layer4_reasoning/engine/engine_solve.c.obj
[234/931] Building C object CMakeFiles/lv_layer4_reasoning.dir/core/src/layer4_reasoning/engine/engine_state.c.obj
[235/931] Building C object CMakeFiles/lv_layer4_reasoning.dir/core/src/layer4_reasoning/engine/engine_status.c.obj
[236/931] Building C object CMakeFiles/lv_layer4_reasoning.dir/core/src/layer4_reasoning/proof.c.obj
[237/931] Building C object CMakeFiles/lv_layer4_reasoning.dir/core/src/layer4_reasoning/proof_system/proof_optimize.c.obj
[238/931] Building C object CMakeFiles/lv_layer4_reasoning.dir/core/src/layer4_reasoning/solver/solver_core.c.obj
[239/931] Building C object CMakeFiles/lv_layer4_reasoning.dir/core/src/layer4_reasoning/proof_system/proof_strategy_exec.c.obj
[240/931] Building C object CMakeFiles/lv_layer4_reasoning.dir/core/src/layer4_reasoning/proof_system/proof_search_algo.c.obj
[241/931] Building C object CMakeFiles/lv_layer4_reasoning.dir/core/src/layer4_reasoning/proof_system/proof_multi_strategy.c.obj
[242/931] Building C object CMakeFiles/lv_layer4_reasoning.dir/core/src/layer4_reasoning/proof_system/proof_strategy_core.c.obj
[243/931] Building C object CMakeFiles/lv_layer4_reasoning.dir/core/src/layer4_reasoning/proof_system/proof_strategy_vector.c.obj
[244/931] Building C object CMakeFiles/lv_layer4_reasoning.dir/core/src/layer4_reasoning/proof_system/proof_strategy_angle.c.obj
[245/931] Building C object CMakeFiles/lv_layer4_reasoning.dir/core/src/layer4_reasoning/type_logic/three_valued_logic.c.obj
[246/931] Building C object CMakeFiles/lv_layer4_reasoning.dir/core/src/layer4_reasoning/proof_system/proof_strategy_coordinate.c.obj
[247/931] Building C object CMakeFiles/lv_layer4_reasoning.dir/core/src/layer4_reasoning/proof_trace.c.obj
[248/931] Building C object CMakeFiles/lv_layer4_reasoning.dir/core/src/layer4_reasoning/proof_system/proof_strategy_deductive.c.obj
[249/931] Building C object CMakeFiles/lv_layer4_reasoning.dir/core/src/layer4_reasoning/proof_system/proof_strategy_hol_oracle.c.obj
[250/931] Building C object CMakeFiles/lv_layer4_reasoning.dir/core/src/layer4_reasoning/proof_system/proof_strategy_numeric.c.obj
[251/931] Building C object CMakeFiles/lv_layer4_reasoning.dir/core/src/layer4_reasoning/proof/proof_tree.c.obj
[252/931] Building C object CMakeFiles/lv_layer4_reasoning.dir/core/src/layer4_reasoning/proof_system/logic_check.c.obj
[253/931] Building C object CMakeFiles/lv_layer4_reasoning.dir/core/src/layer4_reasoning/circuit_breaker.c.obj
[254/931] Building C object CMakeFiles/lv_layer4_reasoning.dir/core/src/layer4_reasoning/type_logic/modal_operators.c.obj
[255/931] Building C object CMakeFiles/lv_layer4_reasoning.dir/core/src/layer4_reasoning/engine/proof_engine_enhanced.c.obj
[256/931] Building C object CMakeFiles/lv_layer4_reasoning.dir/core/src/layer4_reasoning/engine/proof_engine.c.obj
[257/931] Building C object CMakeFiles/lv_layer4_reasoning.dir/core/src/layer4_reasoning/type_logic/quantifier.c.obj
[258/931] Building C object CMakeFiles/lv_layer4_reasoning.dir/core/src/layer4_reasoning/engine/proof_verify.c.obj
[259/931] Building C object CMakeFiles/lv_layer4_reasoning.dir/core/src/layer4_reasoning/rewrite.c.obj
[260/931] Building C object CMakeFiles/lv_layer4_reasoning.dir/core/src/layer4_reasoning/engine/proof_contradiction.c.obj
[261/931] Building C object CMakeFiles/lv_layer4_reasoning.dir/core/src/layer4_reasoning/engine/proof_optimize.c.obj
[262/931] Building C object CMakeFiles/lv_layer4_reasoning.dir/core/src/layer4_reasoning/engine/proof_strategy.c.obj
[263/931] Building C object CMakeFiles/lv_layer4_reasoning.dir/core/src/layer4_reasoning/engine/proof_export.c.obj
[264/931] Building C object CMakeFiles/lv_layer4_reasoning.dir/core/src/layer4_reasoning/engine/proof_trace_tree.c.obj
[265/931] Building C object CMakeFiles/lv_layer4_reasoning.dir/core/src/layer4_reasoning/unify/unify.c.obj
[266/931] Building C object CMakeFiles/lv_layer4_reasoning.dir/core/src/layer4_reasoning/unify/unify_basic.c.obj
[267/931] Building C object CMakeFiles/lv_layer4_reasoning.dir/core/src/layer4_reasoning/unify/unify_equivalence.c.obj
[268/931] Building C object CMakeFiles/lv_layer4_reasoning.dir/core/src/layer4_reasoning/unify/unify_hash.c.obj
[269/931] Building C object CMakeFiles/lv_layer4_reasoning.dir/core/src/layer4_reasoning/unify/unify_fine.c.obj
[270/931] Building C object CMakeFiles/lv_layer4_reasoning.dir/core/src/layer4_reasoning/unify/unify_helpers.c.obj
[271/931] Building C object CMakeFiles/lv_layer4_reasoning.dir/core/src/layer4_reasoning/unify/unify_instantiate.c.obj
[272/931] Building C object CMakeFiles/lv_layer4_reasoning.dir/core/src/layer4_reasoning/unify/unify_report.c.obj
[273/931] Building C object CMakeFiles/lv_layer4_reasoning.dir/core/src/layer4_reasoning/model/recursion.c.obj
[274/931] Building C object CMakeFiles/lv_layer4_reasoning.dir/core/src/layer4_reasoning/unify/graph_hash.c.obj
[275/931] Building C object CMakeFiles/lv_layer4_reasoning.dir/core/src/layer4_reasoning/unify/unify_simplify.c.obj
[276/931] Building C object CMakeFiles/lv_layer4_reasoning.dir/core/src/layer4_reasoning/model/recursion_context.c.obj
[277/931] Building C object CMakeFiles/lv_layer4_reasoning.dir/core/src/layer4_reasoning/unify/normalization.c.obj
C:/Users/xingg/Desktop/知识体系化Wiki/Lv-00/core/src/layer4_reasoning/unify/normalization.c:189:1: warning: '/*' within comment [-Wcomment]
  189 | /**
[278/931] Building C object CMakeFiles/lv_layer4_reasoning.dir/core/src/layer4_reasoning/unify/lambda_unify.c.obj
[279/931] Building C object CMakeFiles/lv_layer4_reasoning.dir/core/src/layer4_reasoning/model/recursion_measure.c.obj
[280/931] Building C object CMakeFiles/lv_layer4_reasoning.dir/core/src/layer4_reasoning/model/recursion_mutual.c.obj
[281/931] Building C object CMakeFiles/lv_layer4_reasoning.dir/core/src/layer4_reasoning/model/recursion_selector.c.obj
[282/931] Building C object CMakeFiles/lv_layer4_reasoning.dir/core/src/layer4_reasoning/model/recursion_test.c.obj
[283/931] Building C object CMakeFiles/lv_layer4_reasoning.dir/core/src/layer4_reasoning/model/recursion_symbolic_measure.c.obj
[284/931] Building C object CMakeFiles/lv_layer4_reasoning.dir/core/src/layer4_reasoning/model/recursion_validation.c.obj
[285/931] Building C object CMakeFiles/lv_layer4_reasoning.dir/core/src/layer4_reasoning/model/recursion_utils.c.obj
[286/931] Building C object CMakeFiles/lv_layer4_reasoning.dir/core/src/layer4_reasoning/model/recursion_test_suite.c.obj
[287/931] Building C object CMakeFiles/lv_layer4_reasoning.dir/core/src/layer4_reasoning/type_logic/type_infer.c.obj
[288/931] Building C object CMakeFiles/lv_layer4_reasoning.dir/core/src/layer4_reasoning/type_logic/type_check.c.obj
[289/931] Building C object CMakeFiles/lv_layer4_reasoning.dir/core/src/layer4_reasoning/type_logic/type_system.c.obj
[290/931] Building C object CMakeFiles/lv_layer4_reasoning.dir/core/src/layer4_reasoning/type_logic/type_path_explorer.c.obj
[291/931] Building C object CMakeFiles/lv_layer4_reasoning.dir/core/src/layer4_reasoning/type_logic/type_equiv_explorer.c.obj
[292/931] Building C object CMakeFiles/lv_layer4_reasoning.dir/core/src/layer4_reasoning/proof_system/prop_verifier.c.obj
[293/931] Building C object CMakeFiles/lv_layer4_reasoning.dir/core/src/layer4_reasoning/proof_system/prop_verifier_compare.c.obj
[294/931] Building C object CMakeFiles/lv_layer4_reasoning.dir/core/src/layer4_reasoning/proof_system/prop_verifier_serialize.c.obj
[295/931] Building C object CMakeFiles/lv_layer4_reasoning.dir/core/src/layer4_reasoning/proof_system/prop_verifier_formula.c.obj
[296/931] Building C object CMakeFiles/lv_layer4_reasoning.dir/core/src/layer4_reasoning/proof_system/prop_verifier_context.c.obj
[297/931] Building C object CMakeFiles/lv_layer4_reasoning.dir/core/src/layer4_reasoning/proof_system/prop_verifier_hash.c.obj
[298/931] Building C object CMakeFiles/lv_layer4_reasoning.dir/core/src/layer4_reasoning/proof_system/prop_verifier_premises.c.obj
[299/931] Building C object CMakeFiles/lv_layer4_reasoning.dir/core/src/layer4_reasoning/proof_system/prop_verifier_memo.c.obj
[300/931] Building C object CMakeFiles/lv_layer4_reasoning.dir/core/src/layer4_reasoning/proof_system/prop_verifier_forward.c.obj
[301/931] Building C object CMakeFiles/lv_layer4_reasoning.dir/core/src/layer4_reasoning/proof_system/prop_verifier_engine.c.obj
[302/931] Building C object CMakeFiles/lv_layer4_reasoning.dir/core/src/layer4_reasoning/proof_system/prop_verifier_checks.c.obj
[303/931] Building C object CMakeFiles/lv_layer4_reasoning.dir/core/src/layer4_reasoning/proof_system/prop_verifier_api.c.obj
[304/931] Building C object CMakeFiles/lv_layer4_reasoning.dir/core/src/layer4_reasoning/proof_system/prop_formula_visitor.c.obj
[305/931] Building C object CMakeFiles/lv_layer4_reasoning.dir/core/src/layer4_reasoning/proof_system/prop_verifier_trust.c.obj
[306/931] Building C object CMakeFiles/lv_layer4_reasoning.dir/core/src/layer4_reasoning/proof_system/prop_verifier_bhk.c.obj
[307/931] Building C object CMakeFiles/lv_layer4_reasoning.dir/core/src/layer4_reasoning/proof_system/prop_verifier_analysis.c.obj
[308/931] Building C object CMakeFiles/lv_layer4_reasoning.dir/core/src/layer4_reasoning/proof_system/prop_verifier_equivalence.c.obj
[309/931] Building C object CMakeFiles/lv_layer4_reasoning.dir/core/src/layer4_reasoning/proof_system/prop_formula_ops.c.obj
[310/931] Building C object CMakeFiles/lv_layer4_reasoning.dir/core/src/layer4_reasoning/backends/groebner_engine_core.c.obj
[311/931] Building C object CMakeFiles/lv_layer4_reasoning.dir/core/src/layer4_reasoning/backends/groebner_engine_poly.c.obj
[312/931] Building C object CMakeFiles/lv_layer4_reasoning.dir/core/src/layer4_reasoning/backends/groebner_engine_ring.c.obj
[313/931] Building C object CMakeFiles/lv_layer4_reasoning.dir/core/src/layer4_reasoning/backends/groebner_engine.c.obj
C:/Users/xingg/Desktop/知识体系化Wiki/Lv-00/core/src/layer4_reasoning/backends/groebner_engine.c:80:1: warning: '/*' within comment [-Wcomment]
   80 | /** @brief 全局注册数据 —— 单例 */
[314/931] Building C object CMakeFiles/lv_layer4_reasoning.dir/core/src/layer4_reasoning/expr/rational.c.obj
[315/931] Building C object CMakeFiles/lv_layer4_reasoning.dir/core/src/layer4_reasoning/backends/groebner_mono.c.obj
[316/931] Building C object CMakeFiles/lv_layer4_reasoning.dir/core/src/layer4_reasoning/backends/groebner_engine_variety.c.obj
[317/931] Building C object CMakeFiles/lv_layer4_reasoning.dir/core/src/layer4_reasoning/backends/groebner_engine_ideal.c.obj
[318/931] Building C object CMakeFiles/lv_layer4_reasoning.dir/core/src/layer4_reasoning/backends/smt_backend_impl.c.obj
[319/931] Building C object CMakeFiles/lv_layer4_reasoning.dir/core/src/layer4_reasoning/backends/groebner_poly.c.obj
[320/931] Building C object CMakeFiles/lv_layer4_reasoning.dir/core/src/layer4_reasoning/backends/smt_backend_impl_external.c.obj
[321/931] Building C object CMakeFiles/lv_layer4_reasoning.dir/core/src/layer4_reasoning/backends/smt_backend_impl_groebner.c.obj
[322/931] Building C object CMakeFiles/lv_layer4_reasoning.dir/core/src/layer4_reasoning/backends/smt_backend_impl_smtlib2.c.obj
[323/931] Building C object CMakeFiles/lv_layer4_reasoning.dir/core/src/layer4_reasoning/expr/expr_canonical.c.obj
[324/931] Building C object CMakeFiles/lv_layer4_reasoning.dir/core/src/layer4_reasoning/backends/atp_backend.c.obj
[325/931] Building C object CMakeFiles/lv_layer4_reasoning.dir/core/src/layer4_reasoning/numeric/bicgstab_shared.c.obj
[326/931] Building C object CMakeFiles/lv_layer4_reasoning.dir/core/src/layer4_reasoning/backends/sat_encoding.c.obj
[327/931] Building C object CMakeFiles/lv_layer4_reasoning.dir/core/src/layer4_reasoning/backends/bdd_encoding.c.obj
[328/931] Building C object CMakeFiles/lv_layer4_reasoning.dir/core/src/layer4_reasoning/numeric/backends/default_host_ops.c.obj
[329/931] Building C object CMakeFiles/lv_layer4_reasoning.dir/core/src/layer4_reasoning/backends/probabilistic_constraint.c.obj
[330/931] Building C object CMakeFiles/lv_layer4_reasoning.dir/core/src/layer4_reasoning/expr/expr_canon.c.obj
[331/931] Building C object CMakeFiles/lv_layer4_reasoning.dir/core/src/layer4_reasoning/exact_arithmetic.c.obj
[332/931] Building C object CMakeFiles/lv_layer4_reasoning.dir/core/src/layer4_reasoning/numeric/gmres_shared.c.obj
[333/931] Building C object CMakeFiles/lv_layer4_reasoning.dir/core/src/layer4_reasoning/model/algebra_mode.c.obj
[334/931] Building C object CMakeFiles/lv_layer4_reasoning.dir/core/src/layer4_reasoning/numeric/backends/cuda_backend.c.obj
[335/931] Building C object CMakeFiles/lv_layer4_reasoning.dir/core/src/layer4_reasoning/numeric/backends/hip_backend.c.obj
[336/931] Building C object CMakeFiles/lv_layer4_reasoning.dir/core/src/layer4_reasoning/model/relation_model.c.obj
[337/931] Building C object CMakeFiles/lv_layer4_reasoning.dir/core/src/layer4_reasoning/numeric/host_linalg.c.obj
[338/931] Building C object CMakeFiles/lv_layer4_reasoning.dir/core/src/layer4_reasoning/numeric/numerical_backend.c.obj
[339/931] Building C object CMakeFiles/lv_layer4_reasoning.dir/core/src/layer4_reasoning/numeric/backends/singular_backend.c.obj
[340/931] Building C object CMakeFiles/lv_layer4_reasoning.dir/core/src/layer4_reasoning/kernel/gc_language.c.obj
[341/931] Building C object CMakeFiles/lv_layer4_reasoning.dir/core/src/layer4_reasoning/module.c.obj
[342/931] Building C object CMakeFiles/lv_layer4_reasoning.dir/core/src/layer4_reasoning/kernel/mini_kernel.c.obj
[343/931] Building C object CMakeFiles/lv_layer4_reasoning.dir/core/src/layer4_reasoning/stream/stream.c.obj
[344/931] Building C object CMakeFiles/lv_layer4_reasoning.dir/core/src/layer4_reasoning/kernel/ecosystem.c.obj
[345/931] Building C object CMakeFiles/lv_layer4_reasoning.dir/core/src/layer4_reasoning/stream/stream_async.c.obj
[346/931] Building C object CMakeFiles/lv_layer4_reasoning.dir/core/src/layer4_reasoning/stream/stream_context_util.c.obj
[347/931] Building C object CMakeFiles/lv_layer4_reasoning.dir/core/src/layer4_reasoning/backends/smt_theory_combiner.c.obj
[348/931] Building C object CMakeFiles/lv_layer4_reasoning.dir/core/src/layer4_reasoning/stream/stream_context.c.obj
[349/931] Building C object CMakeFiles/lv_layer4_reasoning.dir/core/src/layer4_reasoning/stream/stream_filter.c.obj
[350/931] Building C object CMakeFiles/lv_layer4_reasoning.dir/core/src/layer4_reasoning/stream/stream_buffer.c.obj
[351/931] Building C object CMakeFiles/lv_layer4_reasoning.dir/core/src/layer4_reasoning/backends/smt_bitvector.c.obj
[352/931] Building C object CMakeFiles/lv_layer4_reasoning.dir/core/src/layer4_reasoning/backends/smt_trigger_engine.c.obj
[353/931] Building C object CMakeFiles/lv_layer4_reasoning.dir/core/src/layer4_reasoning/stream/stream_json.c.obj
[354/931] Building C object CMakeFiles/lv_layer4_reasoning.dir/core/src/layer4_reasoning/stream/stream_lazy.c.obj
[355/931] Building C object CMakeFiles/lv_layer4_reasoning.dir/core/src/layer4_reasoning/stream/stream_emit.c.obj
[356/931] Building C object CMakeFiles/lv_layer4_reasoning.dir/core/src/layer4_reasoning/numeric/nt_number_theory.c.obj
[357/931] Building C object CMakeFiles/lv_layer4_reasoning.dir/core/src/layer4_reasoning/numeric/ode_integrator.c.obj
[358/931] Building C object CMakeFiles/lv_layer4_reasoning.dir/core/src/layer4_reasoning/stream/stream_stats.c.obj
[359/931] Building C object CMakeFiles/lv_layer4_reasoning.dir/core/src/layer4_reasoning/stream/stream_utils.c.obj
[360/931] Building C object CMakeFiles/lv_layer4_reasoning.dir/core/src/layer4_reasoning/numeric/ode_solver.c.obj
[361/931] Building C object CMakeFiles/lv_layer4_reasoning.dir/core/src/layer4_reasoning/proof_system/proof_session.c.obj
[362/931] Building C object CMakeFiles/lv_layer4_reasoning.dir/core/src/layer4_reasoning/numeric/nt_polynomial.c.obj
[363/931] Building C object CMakeFiles/lv_layer4_reasoning.dir/core/src/layer4_reasoning/proof_system/proof_rule_engine.c.obj
[364/931] Building C object CMakeFiles/lv_layer4_reasoning.dir/core/src/layer4_reasoning/proof_system/proof_version.c.obj
[365/931] Building C object CMakeFiles/lv_layer4_reasoning.dir/core/src/layer4_reasoning/type_logic/inequality_reasoning.c.obj
[366/931] Building C object CMakeFiles/lv_layer4_reasoning.dir/core/src/layer4_reasoning/unify/rewrite_strategy.c.obj
[367/931] Building C object CMakeFiles/lv_layer4_reasoning.dir/core/src/layer4_reasoning/numeric/autodiff.c.obj
[368/931] Building C object CMakeFiles/lv_layer4_reasoning.dir/core/src/layer4_reasoning/numeric/bit_burning.c.obj
[369/931] Building C object CMakeFiles/lv_layer4_reasoning.dir/core/src/layer4_reasoning/expr/sym_expr.c.obj
[370/931] Building C object CMakeFiles/lv_layer4_reasoning.dir/core/src/layer4_reasoning/type_logic/inequality_reasoning_core.c.obj
[371/931] Building C object CMakeFiles/lv_layer4_reasoning.dir/core/src/layer4_reasoning/type_logic/inequality_reasoning_sign.c.obj
[372/931] Building C object CMakeFiles/lv_layer4_reasoning.dir/core/src/layer4_reasoning/type_logic/inequality_reasoning_transform.c.obj
[373/931] Building C object CMakeFiles/lv_layer4_reasoning.dir/core/src/layer4_reasoning/type_logic/inequality_reasoning_prove.c.obj
[374/931] Building C object CMakeFiles/lv_layer4_reasoning.dir/core/src/layer4_reasoning/type_logic/inequality_reasoning_classic.c.obj
[375/931] Building C object CMakeFiles/lv_layer4_reasoning.dir/core/src/layer4_reasoning/type_logic/inequality_reasoning_serialize.c.obj
[376/931] Building C object CMakeFiles/lv_layer4_reasoning.dir/core/src/layer4_reasoning/type_logic/inequality_reasoning_geo.c.obj
[377/931] Building C object CMakeFiles/lv_layer4_reasoning.dir/core/src/layer4_reasoning/axiom/axiom_pkg.c.obj
[378/931] Building C object CMakeFiles/lv_layer4_reasoning.dir/core/src/layer4_reasoning/axiom/axiom_pkg_expand.c.obj
[379/931] Building C object CMakeFiles/lv_layer4_reasoning.dir/core/src/layer4_reasoning/axiom/axiom_pkg_serialize.c.obj
[380/931] Building C object CMakeFiles/lv_layer4_reasoning.dir/core/src/layer4_reasoning/axiom/axiom_pkg_core.c.obj
[381/931] Building C object CMakeFiles/lv_layer4_reasoning.dir/core/src/layer4_reasoning/backends/groebner_parallel.c.obj
[382/931] Building C object CMakeFiles/lv_layer4_reasoning.dir/core/src/layer4_reasoning/axiom/axiom_pkg_parser.c.obj
[383/931] Building C object CMakeFiles/lv_layer4_reasoning.dir/core/src/layer4_reasoning/axiom/axiom_pkg_verify.c.obj
[384/931] Building C object CMakeFiles/lv_layer4_reasoning.dir/core/src/layer4_reasoning/axiom/axiom_pkg_depref.c.obj
[385/931] Building C object CMakeFiles/lv_layer4_reasoning.dir/core/src/layer4_reasoning/axiom/axiom_grade.c.obj
[386/931] Building C object CMakeFiles/lv_layer4_reasoning.dir/core/src/layer4_reasoning/axiom/axiom_template_test.c.obj
[387/931] Building C object CMakeFiles/lv_layer4_reasoning.dir/core/src/layer4_reasoning/func_block/func_block_compose.c.obj
[388/931] Building C object CMakeFiles/lv_layer4_reasoning.dir/core/src/layer4_reasoning/func_block/func_block.c.obj
[389/931] Building C object CMakeFiles/lv_layer4_reasoning.dir/core/src/layer4_reasoning/func_block/func_block_determinism.c.obj
[390/931] Building C object CMakeFiles/lv_layer4_reasoning.dir/core/src/layer4_reasoning/func_block/func_block_preset.c.obj
[391/931] Building C object CMakeFiles/lv_layer4_reasoning.dir/core/src/layer4_reasoning/func_block/func_block_preset_advanced.c.obj
[392/931] Building C object CMakeFiles/lv_layer4_reasoning.dir/core/src/layer4_reasoning/func_block/func_block_preset_doc.c.obj
[393/931] Building C object CMakeFiles/lv_layer4_reasoning.dir/core/src/layer4_reasoning/func_block/func_block_preset_internal.c.obj
[394/931] Building C object CMakeFiles/lv_layer4_reasoning.dir/core/src/layer4_reasoning/func_block/func_block_instantiate.c.obj
[395/931] Building C object CMakeFiles/lv_layer4_reasoning.dir/core/src/layer4_reasoning/func_block/func_block_preset_data.c.obj
[396/931] Building C object CMakeFiles/lv_layer4_reasoning.dir/core/src/layer4_reasoning/func_block/func_block_preset_ops.c.obj
[397/931] Building C object CMakeFiles/lv_layer4_reasoning.dir/core/src/layer4_reasoning/func_block/func_block_preset_query.c.obj
[398/931] Building C object CMakeFiles/lv_layer4_reasoning.dir/core/src/layer4_reasoning/func_block/func_block_registry.c.obj
[399/931] Building C object CMakeFiles/lv_layer4_reasoning.dir/core/src/layer4_reasoning/func_block/func_block_utils.c.obj
[400/931] Building C object CMakeFiles/lv_layer4_reasoning.dir/core/src/layer4_reasoning/func_block/func_block_selector.c.obj
[401/931] Building C object CMakeFiles/lv_layer4_reasoning.dir/core/src/layer4_reasoning/func_block/func_block_serialize.c.obj
[402/931] Building C object CMakeFiles/lv_layer4_reasoning.dir/core/src/layer4_reasoning/func_block/preset_basic_math.c.obj
[403/931] Building C object CMakeFiles/lv_layer4_reasoning.dir/core/src/layer4_reasoning/func_block/preset_blocks.c.obj
[404/931] Building C object CMakeFiles/lv_layer4_reasoning.dir/core/src/layer4_reasoning/func_block/preset_manager_register.c.obj
[405/931] Building C object CMakeFiles/lv_layer4_reasoning.dir/core/src/layer4_reasoning/func_block/preset_calculus.c.obj
[406/931] Building C object CMakeFiles/lv_layer4_reasoning.dir/core/src/layer4_reasoning/func_block/preset_manager_compose.c.obj
[407/931] Building C object CMakeFiles/lv_layer4_reasoning.dir/core/src/layer4_reasoning/func_block/preset_manager_query.c.obj
[408/931] Building C object CMakeFiles/lv_layer4_reasoning.dir/core/src/layer4_reasoning/func_block/preset_manager_doc.c.obj
[409/931] Building C object CMakeFiles/lv_layer4_reasoning.dir/core/src/layer4_reasoning/func_block/preset_common.c.obj
[410/931] Building C object CMakeFiles/lv_layer4_reasoning.dir/core/src/layer4_reasoning/func_block/preset_manager_instantiate.c.obj
[411/931] Building C object CMakeFiles/lv_layer4_reasoning.dir/core/src/layer4_reasoning/func_block/preset_manager.c.obj
[412/931] Building C object CMakeFiles/lv_layer4_reasoning.dir/core/src/layer4_reasoning/func_block/preset_manager_serialize.c.obj
[413/931] Building C object CMakeFiles/lv_layer4_reasoning.dir/core/src/layer4_reasoning/func_block/preset_abstract_algebra.c.obj
[414/931] Building C object CMakeFiles/lv_layer4_reasoning.dir/core/src/layer4_reasoning/meta_proof.c.obj
[415/931] Building C object CMakeFiles/lv_layer4_reasoning.dir/core/src/layer4_reasoning/engine/conflict_detector.c.obj
[416/931] Building C object CMakeFiles/lv_layer4_reasoning.dir/core/src/layer4_reasoning/proof_contradiction.c.obj
[417/931] Building C object CMakeFiles/lv_layer4_reasoning.dir/core/src/layer4_reasoning/solver/solver_feedback.c.obj
[418/931] Building C object CMakeFiles/lv_layer4_reasoning.dir/core/src/layer4_reasoning/solver/solver_dirty_set.c.obj
[419/931] Building C object CMakeFiles/lv_layer4_reasoning.dir/core/src/layer4_reasoning/solver/solver_incremental.c.obj
[420/931] Building C object CMakeFiles/lv_layer4_reasoning.dir/core/src/layer4_reasoning/solver/solver_linear.c.obj
[421/931] Building C object CMakeFiles/lv_layer4_reasoning.dir/core/src/layer4_reasoning/solver/solver_conflict.c.obj
[422/931] Building C object CMakeFiles/lv_layer4_reasoning.dir/core/src/layer4_reasoning/solver/solver_eq_system.c.obj
[423/931] Building C object CMakeFiles/lv_layer4_reasoning.dir/core/src/layer4_reasoning/axiom_rule_engine.c.obj
[424/931] Building C object CMakeFiles/lv_layer4_reasoning.dir/core/src/layer4_reasoning/solver/solver_order.c.obj
[425/931] Building C object CMakeFiles/lv_layer4_reasoning.dir/core/src/layer4_reasoning/solver/solver_coord_extract.c.obj
[426/931] Building C object CMakeFiles/lv_layer4_reasoning.dir/core/src/layer4_reasoning/solver/solver_result.c.obj
[427/931] Building C object CMakeFiles/lv_layer4_reasoning.dir/core/src/layer4_reasoning/solver/solver_snapshot.c.obj
[428/931] Building C object CMakeFiles/lv_layer4_reasoning.dir/core/src/layer4_reasoning/solver/solver_symbolic.c.obj
[429/931] Building C object CMakeFiles/lv_layer4_reasoning.dir/core/src/layer4_reasoning/solver/solver_stats.c.obj
[430/931] Building C object CMakeFiles/lv_layer4_reasoning.dir/core/src/layer4_reasoning/solver/solver_eliminate.c.obj
[431/931] Building C object CMakeFiles/lv_layer4_reasoning.dir/core/src/layer4_reasoning/solver/solver_engine.c.obj
[432/931] Building C object CMakeFiles/lv_layer4_reasoning.dir/core/src/layer4_reasoning/proof/proof_navigator.c.obj
[433/931] Building C object CMakeFiles/lv_layer4_reasoning.dir/core/src/layer4_reasoning/solver/solver_geom_templates.c.obj
[434/931] Building C object CMakeFiles/lv_layer4_reasoning.dir/core/src/layer4_reasoning/solver/solver_multibranch.c.obj
[435/931] Building C object CMakeFiles/lv_layer4_reasoning.dir/core/src/layer4_reasoning/solver/solver_groebner.c.obj
[436/931] Building C object CMakeFiles/lv_layer4_reasoning.dir/core/src/layer4_reasoning/proof/proof_navigator_dependency.c.obj
[437/931] Building C object CMakeFiles/lv_layer4_reasoning.dir/core/src/layer4_reasoning/proof/proof_navigator_exfalso.c.obj
[438/931] Building C object CMakeFiles/lv_layer4_reasoning.dir/core/src/layer4_reasoning/proof/proof_navigator_interactive.c.obj
[439/931] Building C object CMakeFiles/lv_layer4_reasoning.dir/core/src/layer4_reasoning/proof/proof_navigator_breakpoint.c.obj
[440/931] Building C object CMakeFiles/lv_layer4_reasoning.dir/core/src/layer4_reasoning/proof/proof_dependency.c.obj
[441/931] Building C object CMakeFiles/lv_layer4_reasoning.dir/core/src/layer4_reasoning/proof/proof_version.c.obj
[442/931] Building C object CMakeFiles/lv_layer4_reasoning.dir/core/src/layer4_reasoning/proof/proof_navigator_export.c.obj
[443/931] Building C object CMakeFiles/lv_layer4_reasoning.dir/core/src/layer4_reasoning/proof/proof_navigator_equivalence.c.obj
[444/931] Building C object CMakeFiles/lv_layer4_reasoning.dir/core/src/layer4_reasoning/proof/proof_navigator_degrade.c.obj
[445/931] Building C object CMakeFiles/lv_layer4_reasoning.dir/core/src/layer4_reasoning/proof/proof_navigator_misc.c.obj
[446/931] Building C object CMakeFiles/lv_layer4_reasoning.dir/core/src/layer4_reasoning/proof/proof_navigator_utils.c.obj
[447/931] Building C object CMakeFiles/lv_layer4_reasoning.dir/core/src/layer4_reasoning/proof/proof_navigator_instantiate.c.obj
[448/931] Building C object CMakeFiles/lv_layer4_reasoning.dir/core/src/layer4_reasoning/proof/proof_step_registry.c.obj
[449/931] Building C object CMakeFiles/lv_layer4_reasoning.dir/core/src/layer4_reasoning/proof/proof_proposition.c.obj
[450/931] Building C object CMakeFiles/lv_layer4_reasoning.dir/core/src/layer4_reasoning/proof/proof_version_task.c.obj
[451/931] Building C object CMakeFiles/lv_layer4_reasoning.dir/core/src/layer4_reasoning/proof/proof_version_nl.c.obj
[452/931] Building C object CMakeFiles/lv_layer4_reasoning.dir/core/src/layer4_reasoning/proof/proof_version_ghost.c.obj
[453/931] Building C object CMakeFiles/lv_layer4_reasoning.dir/core/src/layer4_reasoning/proof/proof_version_sledge.c.obj
[454/931] Building C object CMakeFiles/lv_layer4_reasoning.dir/core/src/layer4_reasoning/proof/proof_version_isar.c.obj
[455/931] Building C object CMakeFiles/lv_layer4_reasoning.dir/core/src/layer4_reasoning/proof/proof_version_refine.c.obj
[456/931] Building C object CMakeFiles/lv_layer4_reasoning.dir/core/src/layer4_reasoning/proof/trust_color.c.obj
[457/931] Building C object CMakeFiles/lv_layer4_reasoning.dir/core/src/layer4_reasoning/proof/meta_verify.c.obj
[458/931] Building C object CMakeFiles/lv_layer4_reasoning.dir/core/src/layer4_reasoning/rewrite/rewrite_match.c.obj
[459/931] Building C object CMakeFiles/lv_layer4_reasoning.dir/core/src/layer4_reasoning/rewrite/rewrite_apply.c.obj
[460/931] Building C object CMakeFiles/lv_layer4_reasoning.dir/core/src/layer4_reasoning/rewrite/rewrite_binding.c.obj
[461/931] Building C object CMakeFiles/lv_layer4_reasoning.dir/core/src/layer4_reasoning/rewrite/rewrite_hash.c.obj
[462/931] Building C object CMakeFiles/lv_layer4_reasoning.dir/core/src/layer4_reasoning/rewrite/rewrite_rule.c.obj
[463/931] Building C object CMakeFiles/lv_layer4_reasoning.dir/core/src/layer4_reasoning/lambda/lambda_church.c.obj
[464/931] Building C object CMakeFiles/lv_layer4_reasoning.dir/core/src/layer4_reasoning/rewrite/rewrite_snapshot.c.obj
[465/931] Building C object CMakeFiles/lv_layer4_reasoning.dir/core/src/layer4_reasoning/rewrite/rewrite_match_search.c.obj
[466/931] Building C object CMakeFiles/lv_layer4_reasoning.dir/core/src/layer4_reasoning/rewrite/rewrite_wl.c.obj
[467/931] Building C object CMakeFiles/lv_layer4_reasoning.dir/core/src/layer4_reasoning/rewrite/rewrite_vf2.c.obj
[468/931] Building C object CMakeFiles/lv_layer4_reasoning.dir/core/src/layer4_reasoning/lambda/lambda_term.c.obj
[469/931] Building C object CMakeFiles/lv_layer4_reasoning.dir/core/src/layer4_reasoning/rewrite/critical_pair.c.obj
[470/931] Building C object CMakeFiles/lv_layer4_reasoning.dir/core/src/layer4_reasoning/rewrite/beta_reduce.c.obj
[471/931] Building C object CMakeFiles/lv_layer4_reasoning.dir/core/src/layer4_reasoning/rewrite/rewrite_strategy_impl.c.obj
[472/931] Building C object CMakeFiles/lv_layer4_reasoning.dir/core/src/layer4_reasoning/lambda/lambda_to_graph.c.obj
[473/931] Building C object CMakeFiles/lv_layer4_reasoning.dir/core/src/layer4_reasoning/lambda/lambda_type_check.c.obj
[474/931] Building C object CMakeFiles/lv_layer4_reasoning.dir/core/src/layer4_reasoning/bootstrap_test.c.obj
[475/931] Building C object CMakeFiles/lv_layer4_reasoning.dir/core/src/layer4_reasoning/bootstrap_test_init.c.obj
[476/931] Building C object CMakeFiles/lv_layer4_reasoning.dir/core/src/layer4_reasoning/backends/approx_counter.c.obj
[477/931] Building C object CMakeFiles/lv_layer4_reasoning.dir/core/src/layer4_reasoning/engine/engine_scheduler.c.obj
[478/931] Building C object CMakeFiles/lv_layer4_reasoning.dir/core/src/layer4_reasoning/bootstrap_test_random.c.obj
[479/931] Building C object CMakeFiles/lv_layer4_reasoning.dir/core/src/layer4_reasoning/bootstrap_test_diff.c.obj
[480/931] Building C object CMakeFiles/lv_layer4_reasoning.dir/core/src/layer4_reasoning/command_log.c.obj
[481/931] Building C object CMakeFiles/lv_layer4_reasoning.dir/core/src/layer4_reasoning/bootstrap_test_primitive.c.obj
[482/931] Building C object CMakeFiles/lv_layer4_reasoning.dir/core/src/layer4_reasoning/bootstrap_test_iso.c.obj
[483/931] Building C object CMakeFiles/lv_layer4_reasoning.dir/core/src/layer4_reasoning/bootstrap_test_oracle.c.obj
[484/931] Building C object CMakeFiles/lv_layer4_reasoning.dir/core/src/layer4_reasoning/bootstrap_test_report.c.obj
[485/931] Building C object CMakeFiles/lv_layer4_reasoning.dir/core/src/layer4_reasoning/module/module_serialize.c.obj
[486/931] Building C object CMakeFiles/lv_layer4_reasoning.dir/core/src/layer4_reasoning/module/module_delta.c.obj
[487/931] Building C object CMakeFiles/lv_layer4_reasoning.dir/core/src/layer4_reasoning/module/module_lvz.c.obj
[488/931] Building C object CMakeFiles/lv_layer4_reasoning.dir/core/src/layer4_reasoning/module/module_serialize_json.c.obj
[489/931] Building C object CMakeFiles/lv_layer4_reasoning.dir/core/src/layer4_reasoning/module/module_serialize_msgpack.c.obj
[490/931] Building C object CMakeFiles/lv_layer4_reasoning.dir/core/src/layer4_reasoning/module/module_serialize_autosave.c.obj
[491/931] Building C object CMakeFiles/lv_layer4_reasoning.dir/core/src/layer4_reasoning/numeric/mv_polynomial.c.obj
[492/931] Building C object CMakeFiles/lv_layer5_output.dir/core/src/layer5_output/interop/interop.c.obj
[493/931] Building C object CMakeFiles/lv_layer5_output.dir/core/src/layer5_output/proof_export_enhanced.c.obj
[494/931] Building C object CMakeFiles/lv_layer5_output.dir/core/src/layer5_output/proof_widget.c.obj
[495/931] Building C object CMakeFiles/lv_layer5_output.dir/core/src/layer5_output/magic/magic_rune.c.obj
[496/931] Building C object CMakeFiles/lv_layer5_output.dir/core/src/layer5_output/magic/magic_domain.c.obj
[497/931] Building C object CMakeFiles/lv_layer5_output.dir/core/src/layer5_output/magic/magic_spell.c.obj
[498/931] Building C object CMakeFiles/lv_layer5_output.dir/core/src/layer5_output/magic/magic_array.c.obj
[499/931] Building C object CMakeFiles/lv_layer5_output.dir/core/src/layer5_output/lv_render_visitor.c.obj
[500/931] Building C object CMakeFiles/lv_layer5_output.dir/core/src/layer5_output/lv_render_visitor_tikz.c.obj
[501/931] Building C object CMakeFiles/lv_layer5_output.dir/core/src/layer5_output/geo_visual_complete.c.obj
[502/931] Building C object CMakeFiles/lv_layer5_output.dir/core/src/layer5_output/plugin_system.c.obj
[503/931] Building C object CMakeFiles/lv_layer5_output.dir/core/src/layer5_output/plugin_system_core.c.obj
[504/931] Building C object CMakeFiles/lv_layer5_output.dir/core/src/layer5_output/lv_protocol.c.obj
[505/931] Building C object CMakeFiles/lv_layer5_output.dir/core/src/layer5_output/plugin_system_state.c.obj
[506/931] Building C object CMakeFiles/lv_layer5_output.dir/core/src/layer5_output/plugin_system_load.c.obj
[507/931] Building C object CMakeFiles/lv_layer5_output.dir/core/src/layer5_output/plugin_system_query.c.obj
[508/931] Building C object CMakeFiles/lv_layer5_output.dir/core/src/layer5_output/plugin_system_interface.c.obj
[509/931] Building C object CMakeFiles/lv_layer5_output.dir/core/src/layer5_output/plugin_system_config.c.obj
[510/931] Building C object CMakeFiles/lv_layer5_output.dir/core/src/layer5_output/plugin_system_event.c.obj
[511/931] Building C object CMakeFiles/lv_layer5_output.dir/core/src/layer5_output/plugin_system_deps.c.obj
[512/931] Building C object CMakeFiles/lv_layer5_output.dir/core/src/layer5_output/plugin_system_autoload.c.obj
[513/931] Building C object CMakeFiles/lv_layer5_output.dir/core/src/layer5_output/plugin_system_version.c.obj
[514/931] Building C object CMakeFiles/lv_layer5_output.dir/core/src/layer5_output/proof_compiler.c.obj
[515/931] Building C object CMakeFiles/lv_layer5_output.dir/core/src/layer5_output/tikz_export.c.obj
[516/931] Building C object CMakeFiles/lv_layer5_output.dir/core/src/layer5_output/interop/interop_export_canonical.c.obj
[517/931] Building C object CMakeFiles/lv_layer5_output.dir/core/src/layer5_output/interop/interop_export.c.obj
[518/931] Building C object CMakeFiles/lv_layer5_output.dir/core/src/layer5_output/interop/interop_export_coq.c.obj
[519/931] Building C object CMakeFiles/lv_layer5_output.dir/core/src/layer5_output/interop/interop_export_html.c.obj
[520/931] Building C object CMakeFiles/lv_layer5_output.dir/core/src/layer5_output/interop/interop_command.c.obj
[521/931] Building C object CMakeFiles/lv_layer5_output.dir/core/src/layer5_output/interop/interop_export_geojson.c.obj
[522/931] Building C object CMakeFiles/lv_layer5_output.dir/core/src/layer5_output/interop/interop_export_lean.c.obj
[523/931] Building C object CMakeFiles/lv_layer5_output.dir/core/src/layer5_output/interop/interop_export_pdf.c.obj
[524/931] Building C object CMakeFiles/lv_layer5_output.dir/core/src/layer5_output/interop/interop_export_svg.c.obj
[525/931] Building C object CMakeFiles/lv_layer5_output.dir/core/src/layer5_output/interop/interop_import.c.obj
[526/931] Building C object CMakeFiles/lv_layer5_output.dir/core/src/layer5_output/interop/interop_server.c.obj
[527/931] Building C object CMakeFiles/lv_layer5_output.dir/core/src/layer5_output/interop/interop_theorem.c.obj
[528/931] Building C object CMakeFiles/lv_layer6_visual.dir/core/src/layer6_visual/visual_editor.c.obj
[529/931] Building C object CMakeFiles/lv_layer6_visual.dir/core/src/layer6_visual/node_graph.c.obj
[530/931] Building C object CMakeFiles/lv_layer6_visual.dir/core/src/layer6_visual/geometry_canvas.c.obj
[531/931] Building C object CMakeFiles/lv_layer6_visual.dir/core/src/layer6_visual/view_synchronizer.c.obj
[532/931] Building C object CMakeFiles/lv_layer6_visual.dir/core/src/layer6_visual/text_code.c.obj
[533/931] Building C object CMakeFiles/lv_layer6_visual.dir/core/src/layer6_visual/block_canvas.c.obj
[534/931] Building C object CMakeFiles/lv_layer6_visual.dir/core/src/layer6_visual/control_flow/while_block.c.obj
[535/931] Building C object CMakeFiles/lv_layer6_visual.dir/core/src/layer6_visual/control_flow/if_block.c.obj
[536/931] Building C object CMakeFiles/lv_layer6_visual.dir/core/src/layer6_visual/control_flow/match_block.c.obj
[537/931] Building C object CMakeFiles/lv_layer6_visual.dir/core/src/layer6_visual/io/file_block.c.obj
[538/931] Building C object CMakeFiles/lv_layer6_visual.dir/core/src/layer6_visual/io/ui_block.c.obj
[539/931] Building C object CMakeFiles/lv_layer6_visual.dir/core/src/layer6_visual/data/map_block.c.obj
[540/931] Building C object CMakeFiles/lv_layer6_visual.dir/core/src/layer6_visual/data/record_block.c.obj
[541/931] Building C object CMakeFiles/lv_layer6_visual.dir/core/src/layer6_visual/data/list_block.c.obj
[542/931] Building C object CMakeFiles/lv_layer6_visual.dir/core/src/layer6_visual/io/network_block.c.obj
[543/931] Building C object CMakeFiles/lv_layer6_visual.dir/core/src/layer6_visual/runtime/incremental_exec.c.obj
[544/931] Building C object CMakeFiles/lv_layer6_visual.dir/core/src/layer6_visual/runtime/block_scheduler.c.obj
[545/931] Building C object CMakeFiles/lv_layer6_visual.dir/core/src/layer6_visual/runtime/effect_tracker.c.obj
[546/931] Building C object CMakeFiles/lv_layer6_visual.dir/core/src/layer6_visual/types/type_inference.c.obj
[547/931] Building C object CMakeFiles/lv_layer6_visual.dir/core/src/layer6_visual/types/extended_types.c.obj
[548/931] Building C object CMakeFiles/lv_layer6_visual.dir/core/src/layer6_visual/converter/block_to_node.c.obj
[549/931] Building C object CMakeFiles/lv_layer6_visual.dir/core/src/layer6_visual/types/effect_types.c.obj
[550/931] Building C object CMakeFiles/lv_layer6_visual.dir/core/src/layer6_visual/converter/block_to_text.c.obj
[551/931] Building C object CMakeFiles/lv_layer6_visual.dir/core/src/layer6_visual/converter/block_to_geometry.c.obj
C:/Users/xingg/Desktop/知识体系化Wiki/Lv-00/core/src/layer6_visual/converter/block_to_geometry.c:14:9: warning: 'MAX_BLOCK_PORTS' redefined
   14 | #define MAX_BLOCK_PORTS 64
      |         ^~~~~~~~~~~~~~~
In file included from C:/Users/xingg/Desktop/知识体系化Wiki/Lv-00/core/src/layer6_visual/converter/block_to_geometry.c:8:
C:/Users/xingg/Desktop/知识体系化Wiki/Lv-00/core/include/lv/lv_internal.h:91:9: note: this is the location of the previous definition
   91 | #define MAX_BLOCK_PORTS 32
      |         ^~~~~~~~~~~~~~~
[552/931] Building C object CMakeFiles/lv_layer6_visual.dir/core/src/layer6_visual/converter/sync_protocol.c.obj
[553/931] Building C object CMakeFiles/lv_layer10_interop.dir/core/src/layer10_interop/lean4_bridge.c.obj
[554/931] Building C object CMakeFiles/lv_layer10_interop.dir/core/src/layer10_interop/coq_bridge.c.obj
[555/931] Building C object CMakeFiles/lv_layer8_meta_verify.dir/core/src/layer8_meta_verify/meta_verify.c.obj
[556/931] Building C object CMakeFiles/lv_layer10_interop.dir/core/src/layer10_interop/opml_codec.c.obj
[557/931] Building C object CMakeFiles/test_basic.dir/test/c/test_basic.c.obj
[558/931] Building C object CMakeFiles/test_complex_graph.dir/test/c/test_complex_graph.c.obj
[559/931] Building C object CMakeFiles/test_graph_hash.dir/test/c/test_graph_hash.c.obj
[560/931] Building C object CMakeFiles/test_edge_cases.dir/test/c/test_edge_cases.c.obj
[561/931] Building C object CMakeFiles/test_constraint_graph_ops.dir/test/c/test_constraint_graph_ops.c.obj
[562/931] Building C object CMakeFiles/test_normalization.dir/test/c/test_normalization.c.obj
[563/931] Building C object CMakeFiles/test_constraint_compatibility.dir/test/c/test_constraint_compatibility.c.obj
[564/931] Building C object CMakeFiles/test_unify.dir/test/c/test_unify.c.obj
[565/931] Building C object CMakeFiles/test_solver.dir/test/c/test_solver.c.obj
[566/931] Building C object CMakeFiles/test_func_block.dir/test/c/test_func_block.c.obj
[567/931] Building C object CMakeFiles/test_critical_pair.dir/test/c/test_critical_pair.c.obj
[568/931] Building C object CMakeFiles/test_solver_enhanced.dir/test/c/test_solver_enhanced.c.obj
[569/931] Building C object CMakeFiles/test_axiom_pkg.dir/test/c/test_axiom_pkg.c.obj
[570/931] Building C object CMakeFiles/test_proof.dir/test/c/test_proof.c.obj
[571/931] Building C object CMakeFiles/test_rewrite.dir/test/c/test_rewrite.c.obj
[572/931] Building C object CMakeFiles/test_groebner_basis.dir/test/c/test_groebner_basis.c.obj
[573/931] Building C object CMakeFiles/test_type_equiv_explorer.dir/test/c/test_type_equiv_explorer.c.obj
[574/931] Building C object CMakeFiles/test_type_system.dir/test/c/test_type_system.c.obj
[575/931] Building C object CMakeFiles/test_module.dir/test/c/test_module.c.obj
[576/931] Building C object CMakeFiles/test_template_test.dir/test/c/test_template_test.c.obj
[577/931] Building C object CMakeFiles/test_graph_serialize.dir/test/c/test_graph_serialize.c.obj
[578/931] Linking C static library liblv.a
[579/931] Building C object CMakeFiles/test_serialize_registry.dir/test/c/test_serialize_registry.c.obj
[580/931] Building C object CMakeFiles/test_minimal_parse.dir/test/c/test_minimal_parse.c.obj
[581/931] Building C object CMakeFiles/test_implementation.dir/test/c/test_implementation.c.obj
[582/931] Building C object CMakeFiles/test_recursion.dir/test/c/test_recursion.c.obj
[583/931] Building C object CMakeFiles/test_axiom_boolean_algebra.dir/test/c/test_axiom_boolean_algebra.c.obj
[584/931] Building C object CMakeFiles/test_axiom_intuitionistic_propositional_logic.dir/test/c/test_axiom_intuitionistic_propositional_logic.c.obj
[585/931] Building C object CMakeFiles/test_axiom_group_theory.dir/test/c/test_axiom_group_theory.c.obj
[586/931] Building C object CMakeFiles/test_axiom_euclidean_plane.dir/test/c/test_axiom_euclidean_plane.c.obj
[587/931] Building C object CMakeFiles/test_axiom_classical_propositional_logic.dir/test/c/test_axiom_classical_propositional_logic.c.obj
[588/931] Building C object CMakeFiles/test_axiom_zfc_set_theory.dir/test/c/test_axiom_zfc_set_theory.c.obj
[589/931] Building C object CMakeFiles/test_axiom_ring_theory.dir/test/c/test_axiom_ring_theory.c.obj
[590/931] Building C object CMakeFiles/test_axiom_intuitionistic_logic.dir/test/c/test_axiom_intuitionistic_logic.c.obj
[591/931] Building C object CMakeFiles/test_axiom_category_theory.dir/test/c/test_axiom_category_theory.c.obj
[592/931] Building C object CMakeFiles/test_axiom_point_set_topology.dir/test/c/test_axiom_point_set_topology.c.obj
[593/931] Building C object CMakeFiles/test_axiom_hyperbolic_geometry.dir/test/c/test_axiom_hyperbolic_geometry.c.obj
[594/931] Building C object CMakeFiles/test_axiom_elliptic_geometry.dir/test/c/test_axiom_elliptic_geometry.c.obj
[595/931] Building C object CMakeFiles/test_axiom_simple_type_theory.dir/test/c/test_axiom_simple_type_theory.c.obj
[596/931] Building C object CMakeFiles/test_axiom_field_theory.dir/test/c/test_axiom_field_theory.c.obj
[597/931] Building C object CMakeFiles/test_axiom_nbg_set_theory.dir/test/c/test_axiom_nbg_set_theory.c.obj
[598/931] Building C object CMakeFiles/test_axiom_combinatorics.dir/test/c/test_axiom_combinatorics.c.obj
[599/931] Building C object CMakeFiles/test_axiom_model_theory.dir/test/c/test_axiom_model_theory.c.obj
[600/931] Building C object CMakeFiles/test_axiom_real_analysis.dir/test/c/test_axiom_real_analysis.c.obj
[601/931] Building C object CMakeFiles/test_axiom_algebraic_topology.dir/test/c/test_axiom_algebraic_topology.c.obj
[602/931] Building C object CMakeFiles/test_axiom_dependent_type_theory.dir/test/c/test_axiom_dependent_type_theory.c.obj
[603/931] Building C object CMakeFiles/test_axiom_homological_algebra.dir/test/c/test_axiom_homological_algebra.c.obj
[604/931] Building C object CMakeFiles/test_axiom_universal_algebra.dir/test/c/test_axiom_universal_algebra.c.obj
[605/931] Building C object CMakeFiles/test_axiom_differential_geometry.dir/test/c/test_axiom_differential_geometry.c.obj
[606/931] Building C object CMakeFiles/test_axiom_number_theory.dir/test/c/test_axiom_number_theory.c.obj
[607/931] Building C object CMakeFiles/test_axiom_functional_analysis.dir/test/c/test_axiom_functional_analysis.c.obj
[608/931] Building C object CMakeFiles/test_axiom_algebraic_geometry.dir/test/c/test_axiom_algebraic_geometry.c.obj
[609/931] Building C object CMakeFiles/test_axiom_homotopy_type_theory.dir/test/c/test_axiom_homotopy_type_theory.c.obj
[610/931] Building C object CMakeFiles/test_axiom_proof_theory.dir/test/c/test_axiom_proof_theory.c.obj
[611/931] Building C object CMakeFiles/test_axiom_affine_geometry.dir/test/c/test_axiom_affine_geometry.c.obj
[612/931] Building C object CMakeFiles/test_axiom_projective_geometry.dir/test/c/test_axiom_projective_geometry.c.obj
[613/931] Building C object CMakeFiles/test_axiom_lattice_theory.dir/test/c/test_axiom_lattice_theory.c.obj
[614/931] Building C object CMakeFiles/test_axiom_lie_theory.dir/test/c/test_axiom_lie_theory.c.obj
[615/931] Building C object CMakeFiles/test_axiom_modal_logic.dir/test/c/test_axiom_modal_logic.c.obj
[616/931] Building C object CMakeFiles/test_axiom_linear_logic.dir/test/c/test_axiom_linear_logic.c.obj
[617/931] Building C object CMakeFiles/test_axiom_metric_space.dir/test/c/test_axiom_metric_space.c.obj
[618/931] Building C object CMakeFiles/test_axiom_game_theory.dir/test/c/test_axiom_game_theory.c.obj
[619/931] Building C object CMakeFiles/test_axiom_descriptive_set_theory.dir/test/c/test_axiom_descriptive_set_theory.c.obj
[620/931] Building C object CMakeFiles/test_axiom_information_theory.dir/test/c/test_axiom_information_theory.c.obj
[621/931] Building C object CMakeFiles/test_axiom_domain_theory.dir/test/c/test_axiom_domain_theory.c.obj
[622/931] Building C object CMakeFiles/test_axiom_computability_theory.dir/test/c/test_axiom_computability_theory.c.obj
[623/931] Building C object CMakeFiles/test_bytes.dir/test/c/test_bytes.c.obj
[624/931] Building C object CMakeFiles/test_axiom_computational_complexity_theory.dir/test/c/test_axiom_computational_complexity_theory.c.obj
[625/931] Building C object CMakeFiles/test_utils.dir/test/c/test_utils.c.obj
[626/931] Building C object CMakeFiles/test_axiom_presburger_arithmetic.dir/test/c/test_axiom_presburger_arithmetic.c.obj
[627/931] Building C object CMakeFiles/test_json_buf.dir/test/c/test_json_buf.c.obj
[628/931] Building C object CMakeFiles/test_enum_maps.dir/test/c/test_enum_maps.c.obj
[629/931] Building C object CMakeFiles/test_hashtable.dir/test/c/test_hashtable.c.obj
[630/931] Building C object CMakeFiles/test_module_serialize_unify.dir/test/c/test_module_serialize_unify.c.obj
[631/931] Building C object CMakeFiles/test_lifecycle.dir/test/c/test_lifecycle.c.obj
[632/931] Building C object CMakeFiles/test_orchestrator.dir/test/c/test_orchestrator.c.obj
[633/931] Building C object CMakeFiles/test_registry.dir/test/c/test_registry.c.obj
[634/931] Building C object CMakeFiles/test_stream.dir/test/c/test_stream.c.obj
[635/931] Building C object CMakeFiles/test_parallel_for.dir/test/c/test_parallel_for.c.obj
[636/931] Building C object CMakeFiles/test_func_block_utils.dir/test/c/test_func_block_utils.c.obj
[637/931] Building C object CMakeFiles/test_stream_extended.dir/test/c/test_stream_extended.c.obj
[638/931] Building C object CMakeFiles/test_func_block_preset.dir/test/c/test_func_block_preset.c.obj
[639/931] Building C object CMakeFiles/test_error_codes.dir/test/c/test_error_codes.c.obj
[640/931] Building C object CMakeFiles/test_interop.dir/test/c/test_interop.c.obj
[641/931] Building C object CMakeFiles/test_high_dim.dir/test/c/test_high_dim.c.obj
[642/931] Building C object CMakeFiles/test_symbolic_coord.dir/test/c/test_symbolic_coord.c.obj
[643/931] Building C object CMakeFiles/test_rational.dir/test/c/test_rational.c.obj
[644/931] Building C object CMakeFiles/test_new_modules.dir/test/c/test_new_modules.c.obj
In file included from C:/Users/xingg/Desktop/知识体系化Wiki/Lv-00/test/c/test_new_modules.c:23:
C:/Users/xingg/Desktop/知识体系化Wiki/Lv-00/core/include/lv/runtime_monitor.h:35:9: warning: 'lv_LOG_MSG_MAX_LEN' redefined
   35 | #define lv_LOG_MSG_MAX_LEN 4096
      |         ^~~~~~~~~~~~~~~~~~
In file included from C:/Users/xingg/Desktop/知识体系化Wiki/Lv-00/core/include/lv/lv_utils.h:38,
                 from C:/Users/xingg/Desktop/知识体系化Wiki/Lv-00/core/include/lv/geometry_transform.h:12,
                 from C:/Users/xingg/Desktop/知识体系化Wiki/Lv-00/test/c/test_new_modules.c:19:
C:/Users/xingg/Desktop/知识体系化Wiki/Lv-00/core/include/lv/config.h:821:9: note: this is the location of the previous definition
  821 | #define lv_LOG_MSG_MAX_LEN lv_CONFIG_LOG_MSG_MAX_LEN
      |         ^~~~~~~~~~~~~~~~~~
C:/Users/xingg/Desktop/知识体系化Wiki/Lv-00/core/include/lv/runtime_monitor.h:38:9: warning: 'lv_LOG_TAG_MAX_LEN' redefined
   38 | #define lv_LOG_TAG_MAX_LEN 64
      |         ^~~~~~~~~~~~~~~~~~
C:/Users/xingg/Desktop/知识体系化Wiki/Lv-00/core/include/lv/config.h:824:9: note: this is the location of the previous definition
  824 | #define lv_LOG_TAG_MAX_LEN lv_CONFIG_LOG_TAG_MAX_LEN
      |         ^~~~~~~~~~~~~~~~~~
C:/Users/xingg/Desktop/知识体系化Wiki/Lv-00/core/include/lv/runtime_monitor.h:41:9: warning: 'lv_METRIC_NAME_MAX_LEN' redefined
   41 | #define lv_METRIC_NAME_MAX_LEN 128
      |         ^~~~~~~~~~~~~~~~~~~~~~
C:/Users/xingg/Desktop/知识体系化Wiki/Lv-00/core/include/lv/config.h:827:9: note: this is the location of the previous definition
  827 | #define lv_METRIC_NAME_MAX_LEN lv_CONFIG_METRIC_NAME_MAX_LEN
      |         ^~~~~~~~~~~~~~~~~~~~~~
[645/931] Building C object CMakeFiles/test_proof_trace.dir/test/c/test_proof_trace.c.obj
[646/931] Building C object CMakeFiles/test_expr_canon.dir/test/c/test_expr_canon.c.obj
[647/931] Building C object CMakeFiles/test_circuit_breaker.dir/test/c/test_circuit_breaker.c.obj
[648/931] Building C object CMakeFiles/test_ga_multivector.dir/test/c/test_ga_multivector.c.obj
[649/931] Building C object CMakeFiles/test_geo_invariant.dir/test/c/test_geo_invariant.c.obj
[650/931] Building C object CMakeFiles/test_gappa_dsl.dir/test/c/test_gappa_dsl.c.obj
[651/931] Building C object CMakeFiles/test_smt_bitvector.dir/test/c/test_smt_bitvector.c.obj
[652/931] Building C object CMakeFiles/test_proof_rule_engine.dir/test/c/test_proof_rule_engine.c.obj
[653/931] Building C object CMakeFiles/test_interval_arithmetic.dir/test/c/test_interval_arithmetic.c.obj
[654/931] Building C object CMakeFiles/test_nt_number_theory.dir/test/c/test_nt_number_theory.c.obj
[655/931] Building C object CMakeFiles/test_sym_expr.dir/test/c/test_sym_expr.c.obj
[656/931] Building C object CMakeFiles/test_sparse_linear_algebra.dir/test/c/test_sparse_linear_algebra.c.obj
[657/931] Building C object CMakeFiles/test_nt_polynomial.dir/test/c/test_nt_polynomial.c.obj
[658/931] Building C object CMakeFiles/test_rewrite_strategy.dir/test/c/test_rewrite_strategy.c.obj
[659/931] Building C object CMakeFiles/test_proof_version.dir/test/c/test_proof_version.c.obj
[660/931] Building C object CMakeFiles/test_rewrite_strategy_impl.dir/test/c/test_rewrite_strategy_impl.c.obj
[661/931] Building C object CMakeFiles/test_autodiff.dir/test/c/test_autodiff.c.obj
[662/931] Building C object CMakeFiles/test_prop_verifier.dir/core/src/layer4_reasoning/proof_system/prop_verifier.c.obj
[663/931] Building C object CMakeFiles/test_prop_verifier.dir/core/src/layer4_reasoning/proof_system/prop_verifier_formula.c.obj
[664/931] Building C object CMakeFiles/test_prop_verifier.dir/test/c/test_prop_verifier.c.obj
[665/931] Building C object CMakeFiles/test_prop_verifier.dir/core/src/layer4_reasoning/proof_system/prop_verifier_compare.c.obj
[666/931] Building C object CMakeFiles/test_prop_verifier.dir/core/src/layer4_reasoning/proof_system/prop_verifier_serialize.c.obj
[667/931] Building C object CMakeFiles/test_prop_verifier.dir/core/src/layer4_reasoning/proof_system/prop_verifier_context.c.obj
[668/931] Building C object CMakeFiles/test_prop_verifier.dir/core/src/layer4_reasoning/proof_system/prop_verifier_memo.c.obj
[669/931] Building C object CMakeFiles/test_prop_verifier.dir/core/src/layer4_reasoning/proof_system/prop_verifier_hash.c.obj
[670/931] Building C object CMakeFiles/test_prop_verifier.dir/core/src/layer4_reasoning/proof_system/prop_verifier_premises.c.obj
[671/931] Building C object CMakeFiles/test_prop_verifier.dir/core/src/layer4_reasoning/proof_system/prop_verifier_forward.c.obj
[672/931] Building C object CMakeFiles/test_prop_verifier.dir/core/src/layer4_reasoning/proof_system/prop_verifier_engine.c.obj
[673/931] Building C object CMakeFiles/test_prop_verifier.dir/core/src/layer4_reasoning/proof_system/prop_verifier_api.c.obj
[674/931] Building C object CMakeFiles/test_prop_verifier.dir/core/src/layer4_reasoning/proof_system/prop_verifier_checks.c.obj
[675/931] Building C object CMakeFiles/test_prop_verifier.dir/core/src/layer4_reasoning/proof_system/prop_formula_visitor.c.obj
[676/931] Building C object CMakeFiles/test_prop_verifier.dir/core/src/layer4_reasoning/proof_system/prop_verifier_analysis.c.obj
[677/931] Building C object CMakeFiles/test_prop_verifier.dir/core/src/layer4_reasoning/proof_system/prop_verifier_bhk.c.obj
[678/931] Building C object CMakeFiles/test_prop_verifier.dir/core/src/layer4_reasoning/proof_system/prop_verifier_trust.c.obj
[679/931] Building C object CMakeFiles/test_prop_verifier.dir/core/src/layer4_reasoning/proof_system/prop_verifier_equivalence.c.obj
[680/931] Building C object CMakeFiles/test_prop_verifier.dir/core/src/layer4_reasoning/proof_system/prop_formula_ops.c.obj
[681/931] Building C object CMakeFiles/test_wfc_modules.dir/test/c/test_wfc_modules.c.obj
[682/931] Building C object CMakeFiles/test_geo_constraint_solver_ext.dir/test/c/test_geo_constraint_solver_ext.c.obj
[683/931] Building C object CMakeFiles/test_ode_solver.dir/test/c/test_ode_solver.c.obj
[684/931] Building C object CMakeFiles/test_proof_export_enhanced.dir/test/c/test_proof_export_enhanced.c.obj
[685/931] Building C object CMakeFiles/test_geo_constraint_solver.dir/test/c/test_geo_constraint_solver.c.obj
[686/931] Building C object CMakeFiles/test_performance.dir/test/c/test_performance.c.obj
[687/931] Building C object CMakeFiles/test_memory_management.dir/test/c/test_memory_management.c.obj
[688/931] Building C object CMakeFiles/test_group_minimal.dir/test/c/test_group_minimal.c.obj
[689/931] Building C object CMakeFiles/test_geo_topology.dir/test/c/test_geo_topology.c.obj
[690/931] Building C object CMakeFiles/test_geo_predicate.dir/test/c/test_geo_predicate.c.obj
[691/931] Building C object CMakeFiles/test_geo_halfedge_mesh.dir/test/c/test_geo_halfedge_mesh.c.obj
[692/931] Building C object CMakeFiles/test_geo_dynamic.dir/test/c/test_geo_dynamic.c.obj
[693/931] Building C object CMakeFiles/test_propagation.dir/test/c/test_propagation.c.obj
[694/931] Building C object CMakeFiles/test_geo_visual.dir/test/c/test_geo_visual.c.obj
[695/931] Building C object CMakeFiles/test_geom_transform_presets.dir/test/c/test_geom_transform_presets.c.obj
[696/931] Building C object CMakeFiles/test_interactive_geo.dir/test/c/test_interactive_geo.c.obj
[697/931] Building C object CMakeFiles/test_equiv_class.dir/test/c/test_equiv_class.c.obj
[698/931] Building C object CMakeFiles/test_geo_aabb_tree.dir/test/c/test_geo_aabb_tree.c.obj
[699/931] Building C object CMakeFiles/test_error_handling.dir/test/c/test_error_handling.c.obj
[700/931] Building C object CMakeFiles/test_conflict_detector.dir/test/c/test_conflict_detector.c.obj
[701/931] Building C object CMakeFiles/test_adaptive_threshold.dir/test/c/test_adaptive_threshold.c.obj
[702/931] Building C object CMakeFiles/test_engine_scheduler.dir/test/c/test_engine_scheduler.c.obj
[703/931] Building C object CMakeFiles/test_engine_ops.dir/test/c/test_engine_ops.c.obj
In file included from C:/Users/xingg/Desktop/知识体系化Wiki/Lv-00/test/c/test_engine_ops.c:18:
C:/Users/xingg/Desktop/知识体系化Wiki/Lv-00/core/include/lv/runtime_monitor.h:35:9: warning: 'lv_LOG_MSG_MAX_LEN' redefined
   35 | #define lv_LOG_MSG_MAX_LEN 4096
      |         ^~~~~~~~~~~~~~~~~~
In file included from C:/Users/xingg/Desktop/知识体系化Wiki/Lv-00/core/include/lv/lv_utils.h:38,
                 from C:/Users/xingg/Desktop/知识体系化Wiki/Lv-00/core/include/lv/mpz_poly.h:27,
                 from C:/Users/xingg/Desktop/知识体系化Wiki/Lv-00/core/include/lv/symbolic_coord.h:14,
                 from C:/Users/xingg/Desktop/知识体系化Wiki/Lv-00/core/include/lv/constraint_graph.h:46,
                 from C:/Users/xingg/Desktop/知识体系化Wiki/Lv-00/core/include/lv/engine_scheduler.h:8,
                 from C:/Users/xingg/Desktop/知识体系化Wiki/Lv-00/test/c/test_engine_ops.c:12:
C:/Users/xingg/Desktop/知识体系化Wiki/Lv-00/core/include/lv/config.h:821:9: note: this is the location of the previous definition
  821 | #define lv_LOG_MSG_MAX_LEN lv_CONFIG_LOG_MSG_MAX_LEN
      |         ^~~~~~~~~~~~~~~~~~
C:/Users/xingg/Desktop/知识体系化Wiki/Lv-00/core/include/lv/runtime_monitor.h:38:9: warning: 'lv_LOG_TAG_MAX_LEN' redefined
   38 | #define lv_LOG_TAG_MAX_LEN 64
      |         ^~~~~~~~~~~~~~~~~~
C:/Users/xingg/Desktop/知识体系化Wiki/Lv-00/core/include/lv/config.h:824:9: note: this is the location of the previous definition
  824 | #define lv_LOG_TAG_MAX_LEN lv_CONFIG_LOG_TAG_MAX_LEN
      |         ^~~~~~~~~~~~~~~~~~
C:/Users/xingg/Desktop/知识体系化Wiki/Lv-00/core/include/lv/runtime_monitor.h:41:9: warning: 'lv_METRIC_NAME_MAX_LEN' redefined
   41 | #define lv_METRIC_NAME_MAX_LEN 128
      |         ^~~~~~~~~~~~~~~~~~~~~~
C:/Users/xingg/Desktop/知识体系化Wiki/Lv-00/core/include/lv/config.h:827:9: note: this is the location of the previous definition
  827 | #define lv_METRIC_NAME_MAX_LEN lv_CONFIG_METRIC_NAME_MAX_LEN
      |         ^~~~~~~~~~~~~~~~~~~~~~
[704/931] Building C object CMakeFiles/test_trust_color.dir/test/c/test_trust_color.c.obj
[705/931] Building C object CMakeFiles/test_solve_debug.dir/test/c/test_solve_debug.c.obj
[706/931] Building C object CMakeFiles/test_layer5_output_ops.dir/test/c/test_layer5_output_ops.c.obj
[707/931] Building C object CMakeFiles/test_lv_lexer.dir/test/c/test_lv_lexer.c.obj
[708/931] Building C object CMakeFiles/test_meta_verify.dir/test/c/test_meta_verify.c.obj
[709/931] Building C object CMakeFiles/test_lv_parser.dir/test/c/test_lv_parser.c.obj
[710/931] Building C object CMakeFiles/test_lv_bootstrap.dir/test/c/test_lv_bootstrap.c.obj
[711/931] Building C object CMakeFiles/test_axiom_topos_theory.dir/test/c/test_axiom_topos_theory.c.obj
[712/931] Building C object CMakeFiles/test_lambda_unify.dir/test/c/test_lambda_unify.c.obj
[713/931] Building C object CMakeFiles/test_lambda_eval.dir/test/c/test_lambda_eval.c.obj
[714/931] Building C object CMakeFiles/test_lambda_church.dir/test/c/test_lambda_church.c.obj
[715/931] Building C object CMakeFiles/test_axiom_synthetic_differential_geometry.dir/test/c/test_axiom_synthetic_differential_geometry.c.obj
[716/931] Building C object CMakeFiles/test_axiom_second_order_arithmetic.dir/test/c/test_axiom_second_order_arithmetic.c.obj
[717/931] Building C object CMakeFiles/test_axiom_robin_arithmetic.dir/test/c/test_axiom_robin_arithmetic.c.obj
[718/931] Building C object CMakeFiles/test_axiom_quantum_information_theory.dir/test/c/test_axiom_quantum_information_theory.c.obj
[719/931] Building C object CMakeFiles/test_axiom_probability_theory.dir/test/c/test_axiom_probability_theory.c.obj
[720/931] Building C object CMakeFiles/test_axiom_peano_arithmetic.dir/test/c/test_axiom_peano_arithmetic.c.obj
[721/931] Building C object CMakeFiles/test_axiom_order_theory.dir/test/c/test_axiom_order_theory.c.obj
[722/931] Building C object CMakeFiles/test_axiom_non_well_founded_set_theory.dir/test/c/test_axiom_non_well_founded_set_theory.c.obj
[723/931] Building C object CMakeFiles/test_axiom_linear_algebra.dir/test/c/test_axiom_linear_algebra.c.obj
[724/931] Building C object CMakeFiles/test_axiom_galois_theory.dir/test/c/test_axiom_galois_theory.c.obj
[725/931] Building C object CMakeFiles/test_axiom_measure_theory.dir/test/c/test_axiom_measure_theory.c.obj
[726/931] Building C object CMakeFiles/test_axiom_ergodic_theory.dir/test/c/test_axiom_ergodic_theory.c.obj
[727/931] Building C object CMakeFiles/test_axiom_cartesian_closed_category.dir/test/c/test_axiom_cartesian_closed_category.c.obj
[728/931] Building C object CMakeFiles/test_axiom_graph_theory.dir/test/c/test_axiom_graph_theory.c.obj
[729/931] Building C object CMakeFiles/test_symbolic_coord_ops.dir/test/c/test_symbolic_coord_ops.c.obj
[730/931] Building C object CMakeFiles/test_geometry_core.dir/test/c/test_geometry_core.c.obj
[731/931] Building C object CMakeFiles/test_solver_submodules.dir/test/c/test_solver_submodules.c.obj
[732/931] Building C object CMakeFiles/test_smt_backend.dir/test/c/test_smt_backend.c.obj
[733/931] Building C object CMakeFiles/test_bdd_sat_atp.dir/test/c/test_bdd_sat_atp.c.obj
[734/931] Building C object CMakeFiles/test_layer4_misc.dir/test/c/test_layer4_misc.c.obj
[735/931] Building C object CMakeFiles/test_proof_infra.dir/test/c/test_proof_infra.c.obj
[736/931] Building C object CMakeFiles/test_layer5_output.dir/test/c/test_layer5_output.c.obj
[737/931] Building C object CMakeFiles/test_proof_strategy_numeric.dir/test/c/test_proof_strategy_numeric.c.obj
[738/931] Building C object CMakeFiles/test_callback_list.dir/test/c/test_callback_list.c.obj
[739/931] Building C object CMakeFiles/test_interval_arith.dir/test/c/test_interval_arith.c.obj
[740/931] Building C object CMakeFiles/test_layer5_core.dir/test/c/test_layer5_core.c.obj
[741/931] Building C object CMakeFiles/test_proof_strategy_legacy.dir/test/c/test_proof_strategy_legacy.c.obj
[742/931] Building C object CMakeFiles/test_output_export.dir/test/c/test_output_export.c.obj
[743/931] Building C object CMakeFiles/test_proof_rule_numeric.dir/test/c/test_proof_rule_numeric.c.obj
[744/931] Building C object CMakeFiles/test_layer6_visual.dir/test/c/test_layer6_visual.c.obj
[745/931] Building C object CMakeFiles/example_stream_advanced.dir/test/examples/stream_advanced_demo.c.obj
[746/931] Building C object CMakeFiles/test_groebner_parallel.dir/test/c/test_groebner_parallel.c.obj
[747/931] Building C object CMakeFiles/example_circle.dir/test/examples/circle_intersection.c.obj
[748/931] Building C object CMakeFiles/example_triangle.dir/test/examples/triangle_construction.c.obj
[749/931] Linking C executable test_edge_cases.exe
[750/931] Linking C executable test_basic.exe
[751/931] Building C object CMakeFiles/example_composition.dir/test/examples/function_composition.c.obj
[752/931] Linking C executable test_constraint_compatibility.exe
[753/931] Linking C executable test_complex_graph.exe
[754/931] Linking C executable test_normalization.exe
[755/931] Linking C executable test_constraint_graph_ops.exe
[756/931] Linking C executable test_graph_hash.exe
[757/931] Linking C executable test_unify.exe
[758/931] Linking C executable test_func_block.exe
[759/931] Building C object CMakeFiles/example_high_dim.dir/test/examples/high_dim_demo.c.obj
[760/931] Building C object CMakeFiles/example_streaming.dir/test/examples/streaming_demo.c.obj
[761/931] Building C object CMakeFiles/example_recursion.dir/test/examples/recursion_demo.c.obj
[762/931] Building C object CMakeFiles/example_type_system.dir/test/examples/type_system_demo.c.obj
[763/931] Linking C executable test_critical_pair.exe
[764/931] Linking C executable test_solver.exe
[765/931] Linking C executable test_graph_serialize.exe
[766/931] Linking C executable test_recursion.exe
[767/931] Linking C executable test_groebner_basis.exe
[768/931] Linking C executable test_solver_enhanced.exe
[769/931] Linking C executable test_type_system.exe
[770/931] Linking C executable test_module.exe
[771/931] Linking C executable test_proof.exe
[772/931] Linking C executable test_template_test.exe
[773/931] Linking C executable test_type_equiv_explorer.exe
[774/931] Linking C executable test_rewrite.exe
[775/931] Linking C executable test_serialize_registry.exe
[776/931] Linking C executable test_implementation.exe
[777/931] Linking C executable test_axiom_pkg.exe
[778/931] Linking C executable test_minimal_parse.exe
[779/931] Linking C executable test_axiom_point_set_topology.exe
[780/931] Linking C executable test_axiom_intuitionistic_propositional_logic.exe
[781/931] Linking C executable test_axiom_elliptic_geometry.exe
[782/931] Linking C executable test_axiom_intuitionistic_logic.exe
[783/931] Linking C executable test_axiom_classical_propositional_logic.exe
[784/931] Linking C executable test_axiom_boolean_algebra.exe
[785/931] Linking C executable test_axiom_category_theory.exe
[786/931] Linking C executable test_axiom_group_theory.exe
[787/931] Linking C executable test_axiom_simple_type_theory.exe
[788/931] Linking C executable test_axiom_zfc_set_theory.exe
[789/931] Linking C executable test_axiom_hyperbolic_geometry.exe
[790/931] Linking C executable test_axiom_ring_theory.exe
[791/931] Linking C executable test_axiom_euclidean_plane.exe
[792/931] Linking C executable test_axiom_field_theory.exe
[793/931] Linking C executable test_axiom_functional_analysis.exe
[794/931] Linking C executable test_axiom_universal_algebra.exe
[795/931] Linking C executable test_axiom_model_theory.exe
[796/931] Linking C executable test_axiom_real_analysis.exe
[797/931] Linking C executable test_axiom_algebraic_geometry.exe
[798/931] Linking C executable test_axiom_proof_theory.exe
[799/931] Linking C executable test_axiom_differential_geometry.exe
[800/931] Linking C executable test_axiom_homological_algebra.exe
[801/931] Linking C executable test_axiom_algebraic_topology.exe
[802/931] Linking C executable test_axiom_number_theory.exe
[803/931] Linking C executable test_axiom_combinatorics.exe
[804/931] Linking C executable test_axiom_dependent_type_theory.exe
[805/931] Linking C executable test_axiom_nbg_set_theory.exe
[806/931] Linking C executable test_axiom_affine_geometry.exe
[807/931] Linking C executable test_axiom_linear_logic.exe
[808/931] Linking C executable test_axiom_domain_theory.exe
[809/931] Linking C executable test_axiom_lie_theory.exe
[810/931] Linking C executable test_axiom_game_theory.exe
[811/931] Linking C executable test_axiom_information_theory.exe
[812/931] Linking C executable test_axiom_projective_geometry.exe
[813/931] Linking C executable test_axiom_descriptive_set_theory.exe
[814/931] Linking C executable test_axiom_computational_complexity_theory.exe
[815/931] Linking C executable test_axiom_modal_logic.exe
[816/931] Linking C executable test_axiom_lattice_theory.exe
[817/931] Linking C executable test_axiom_computability_theory.exe
[818/931] Linking C executable test_axiom_metric_space.exe
[819/931] Linking C executable test_axiom_homotopy_type_theory.exe
[820/931] Linking C executable test_utils.exe
[821/931] Linking C executable test_stream_extended.exe
[822/931] Linking C executable test_json_buf.exe
[823/931] Linking C executable test_stream.exe
[824/931] Linking C executable test_module_serialize_unify.exe
[825/931] Linking C executable test_hashtable.exe
[826/931] Linking C executable test_registry.exe
[827/931] Linking C executable test_enum_maps.exe
[828/931] Linking C executable test_axiom_presburger_arithmetic.exe
[829/931] Linking C executable test_func_block_utils.exe
[830/931] Linking C executable test_orchestrator.exe
[831/931] Linking C executable test_lifecycle.exe
[832/931] Linking C executable test_bytes.exe
[833/931] Linking C executable test_parallel_for.exe
[834/931] Linking C executable test_gappa_dsl.exe
[835/931] Linking C executable test_symbolic_coord.exe
[836/931] Linking C executable test_interop.exe
[837/931] Linking C executable test_rational.exe
[838/931] Linking C executable test_new_modules.exe
[839/931] Linking C executable test_expr_canon.exe
[840/931] Linking C executable test_interval_arithmetic.exe
[841/931] Linking C executable test_ga_multivector.exe
[842/931] Linking C executable test_circuit_breaker.exe
[843/931] Linking C executable test_error_codes.exe
[844/931] Linking C executable test_high_dim.exe
[845/931] Linking C executable test_proof_trace.exe
[846/931] Linking C executable test_func_block_preset.exe
[847/931] Linking C executable test_geo_invariant.exe
[848/931] Linking C executable test_nt_number_theory.exe
[849/931] Linking C executable test_rewrite_strategy_impl.exe
[850/931] Linking C executable test_autodiff.exe
[851/931] Linking C executable test_sparse_linear_algebra.exe
[852/931] Linking C executable test_rewrite_strategy.exe
[853/931] Linking C executable test_proof_version.exe
[854/931] Linking C executable test_sym_expr.exe
[855/931] Linking C executable test_geo_constraint_solver.exe
[856/931] Linking C executable test_proof_rule_engine.exe
[857/931] Linking C executable test_smt_bitvector.exe
[858/931] Linking C executable test_nt_polynomial.exe
[859/931] Linking C executable test_geo_constraint_solver_ext.exe
[860/931] Linking C executable test_wfc_modules.exe
[861/931] Linking C executable test_prop_verifier.exe
[862/931] Linking C executable test_ode_solver.exe
[863/931] Linking C executable test_geo_halfedge_mesh.exe
[864/931] Linking C executable test_proof_export_enhanced.exe
[865/931] Linking C executable test_performance.exe
[866/931] Linking C executable test_equiv_class.exe
[867/931] Linking C executable test_geo_dynamic.exe
[868/931] Linking C executable test_geom_transform_presets.exe
[869/931] Linking C executable test_memory_management.exe
[870/931] Linking C executable test_geo_predicate.exe
[871/931] Linking C executable test_propagation.exe
[872/931] Linking C executable test_geo_visual.exe
[873/931] Linking C executable test_interactive_geo.exe
[874/931] Linking C executable test_group_minimal.exe
[875/931] Linking C executable test_geo_topology.exe
[876/931] Linking C executable test_geo_aabb_tree.exe
[877/931] Linking C executable test_error_handling.exe
[878/931] Linking C executable test_engine_ops.exe
[879/931] Linking C executable test_lv_lexer.exe
[880/931] Linking C executable test_layer5_output_ops.exe
[881/931] Linking C executable test_conflict_detector.exe
[882/931] Linking C executable test_adaptive_threshold.exe
[883/931] Linking C executable test_meta_verify.exe
[884/931] Linking C executable test_lv_parser.exe
[885/931] Linking C executable test_engine_scheduler.exe
[886/931] Linking C executable test_trust_color.exe
[887/931] Linking C executable test_solve_debug.exe
[888/931] Linking C executable test_lambda_church.exe
[889/931] Linking C executable test_lv_bootstrap.exe
[890/931] Linking C executable test_lambda_eval.exe
[891/931] Linking C executable test_lambda_unify.exe
[892/931] Linking C executable test_axiom_topos_theory.exe
[893/931] Linking C executable test_axiom_ergodic_theory.exe
[894/931] Linking C executable test_axiom_peano_arithmetic.exe
[895/931] Linking C executable test_axiom_linear_algebra.exe
[896/931] Linking C executable test_axiom_galois_theory.exe
[897/931] Linking C executable test_axiom_probability_theory.exe
[898/931] Linking C executable test_axiom_robin_arithmetic.exe
[899/931] Linking C executable test_axiom_cartesian_closed_category.exe
[900/931] Linking C executable test_axiom_measure_theory.exe
[901/931] Linking C executable test_axiom_graph_theory.exe
[902/931] Linking C executable test_axiom_non_well_founded_set_theory.exe
[903/931] Linking C executable test_axiom_quantum_information_theory.exe
[904/931] Linking C executable test_axiom_second_order_arithmetic.exe
[905/931] Linking C executable test_axiom_synthetic_differential_geometry.exe
[906/931] Linking C executable test_axiom_order_theory.exe
[907/931] Linking C executable test_solver_submodules.exe
[908/931] Linking C executable test_geometry_core.exe
[909/931] Linking C executable test_output_export.exe
[910/931] Linking C executable test_smt_backend.exe
[911/931] Linking C executable test_bdd_sat_atp.exe
[912/931] Linking C executable test_symbolic_coord_ops.exe
[913/931] Linking C executable test_proof_strategy_numeric.exe
[914/931] Linking C executable test_layer5_output.exe
[915/931] Linking C executable test_layer4_misc.exe
[916/931] Linking C executable test_layer5_core.exe
[917/931] Linking C executable test_interval_arith.exe
[918/931] Linking C executable test_layer6_visual.exe
[919/931] Linking C executable test_callback_list.exe
[920/931] Linking C executable test_proof_infra.exe
[921/931] Linking C executable test_groebner_parallel.exe
[922/931] Linking C executable test_proof_rule_numeric.exe
[923/931] Linking C executable example_recursion.exe
[924/931] Linking C executable example_stream_advanced.exe
[925/931] Linking C executable test_proof_strategy_legacy.exe
[926/931] Linking C executable example_circle.exe
[927/931] Linking C executable example_triangle.exe
[928/931] Linking C executable example_streaming.exe
[929/931] Linking C executable example_composition.exe
[930/931] Linking C executable example_high_dim.exe
[931/931] Linking C executable example_type_system.exe
